/*
SQLyog Community v12.08 (64 bit)
MySQL - 10.1.13-MariaDB : Database - managers
*********************************************************************
*/

/*!40101 SET NAMES utf8 */;

/*!40101 SET SQL_MODE=''*/;

/*!40014 SET @OLD_UNIQUE_CHECKS=@@UNIQUE_CHECKS, UNIQUE_CHECKS=0 */;
/*!40014 SET @OLD_FOREIGN_KEY_CHECKS=@@FOREIGN_KEY_CHECKS, FOREIGN_KEY_CHECKS=0 */;
/*!40101 SET @OLD_SQL_MODE=@@SQL_MODE, SQL_MODE='NO_AUTO_VALUE_ON_ZERO' */;
/*!40111 SET @OLD_SQL_NOTES=@@SQL_NOTES, SQL_NOTES=0 */;
CREATE DATABASE /*!32312 IF NOT EXISTS*/`managers` /*!40100 DEFAULT CHARACTER SET latin1 */;

USE `managers`;

/*Table structure for table `abm_autonumero` */

DROP TABLE IF EXISTS `abm_autonumero`;

CREATE TABLE `abm_autonumero` (
  `NUMERO` int(11) DEFAULT '0',
  `TABLA` varchar(50) NOT NULL,
  PRIMARY KEY (`TABLA`)
) ENGINE=InnoDB DEFAULT CHARSET=latin1;

/*Data for the table `abm_autonumero` */

insert  into `abm_autonumero`(`NUMERO`,`TABLA`) values (30,'CONCEPTOS'),(74677,'CUOTAS'),(61,'CURSOS'),(17,'ESCUELAS'),(4960,'LEGAJOS'),(396,'LIQUIDACIONES'),(48994,'PAGOS'),(3,'TURNOS');

/*Table structure for table `conceptos` */

DROP TABLE IF EXISTS `conceptos`;

CREATE TABLE `conceptos` (
  `CODIGO` int(11) NOT NULL DEFAULT '0',
  `NOMBRE` varchar(50) DEFAULT NULL,
  PRIMARY KEY (`CODIGO`)
) ENGINE=InnoDB DEFAULT CHARSET=latin1;

/*Data for the table `conceptos` */

insert  into `conceptos`(`CODIGO`,`NOMBRE`) values (1,'TERCER TIEMPO'),(2,'MICRO'),(3,'DULCES DE LECHE'),(4,'GIRA PRIMER CUOTA'),(5,'GIRA SEGUNDA CUOTA'),(6,'GIRA TERCER CUOTA'),(7,'GIRA CUARTA CUOTA'),(8,'GIRA QUINTA CUOTA'),(9,'GIRA SEXTA CUOTA'),(10,'INSCRIPCION URBA'),(11,'CENA O ALMUERZO');

/*Table structure for table `cuotas` */

DROP TABLE IF EXISTS `cuotas`;

CREATE TABLE `cuotas` (
  `ANO` int(11) DEFAULT '0',
  `CANCELADO` int(11) DEFAULT '0',
  `CODIGO` int(11) NOT NULL DEFAULT '0',
  `CONCEPTO` varchar(40) DEFAULT NULL,
  `FECHA_1` datetime DEFAULT NULL,
  `FPAGADO` datetime DEFAULT NULL,
  `IMPORTE_1` double DEFAULT '0',
  `LEGAJO` int(11) DEFAULT '0',
  `LIQUIDACION` int(11) DEFAULT '0',
  `MES` int(11) DEFAULT '0',
  `PAGADO` double DEFAULT '0',
  PRIMARY KEY (`CODIGO`)
) ENGINE=InnoDB DEFAULT CHARSET=latin1;

/*Data for the table `cuotas` */

insert  into `cuotas`(`ANO`,`CANCELADO`,`CODIGO`,`CONCEPTO`,`FECHA_1`,`FPAGADO`,`IMPORTE_1`,`LEGAJO`,`LIQUIDACION`,`MES`,`PAGADO`) values (2018,3,1,'Micro','2017-08-06 00:00:00','2017-08-17 00:00:00',170,4927,360,2,170),(2018,3,2,'Micro','2017-08-06 00:00:00','2017-08-17 00:00:00',170,4928,360,2,170),(2017,3,11,'Micro','2017-04-07 00:00:00','2017-04-09 00:00:00',140,4929,369,11,140),(2018,3,73464,'Micro','2017-08-06 00:00:00','2017-08-17 00:00:00',170,4888,360,2,170),(2018,3,73466,'Micro','2017-08-06 00:00:00','2017-08-17 00:00:00',170,4890,360,2,170),(2018,3,73467,'Micro','2017-08-06 00:00:00','2017-08-17 00:00:00',170,4891,360,2,170),(2018,3,73468,'Micro','2017-08-06 00:00:00','2017-08-17 00:00:00',170,4892,360,2,170),(2018,1,73469,'Micro','2017-08-06 00:00:00','2017-08-31 00:00:00',170,4894,360,2,170),(2018,3,73471,'Micro','2017-08-06 00:00:00','2017-08-17 00:00:00',170,4896,360,2,170),(2018,3,73473,'Micro','2017-08-06 00:00:00','2017-08-17 00:00:00',170,4898,360,2,170),(2018,3,73474,'Micro','2017-08-06 00:00:00','2017-08-17 00:00:00',170,4899,360,2,170),(2018,3,73475,'Micro','2017-08-06 00:00:00','2017-08-17 00:00:00',170,4900,360,2,170),(2018,3,73477,'Micro','2017-08-06 00:00:00','2017-08-17 00:00:00',170,4902,360,2,170),(2018,3,73478,'Micro','2017-08-06 00:00:00','2017-08-18 00:00:00',170,4903,360,2,170),(2018,3,73479,'Micro','2017-08-06 00:00:00','2017-08-17 00:00:00',170,4904,360,2,170),(2018,3,73481,'Micro','2017-08-06 00:00:00','2017-08-17 00:00:00',170,4906,360,2,170),(2018,3,73482,'Micro','2017-08-06 00:00:00','2017-08-17 00:00:00',170,4907,360,2,170),(2018,3,73483,'Micro','2017-08-06 00:00:00','2017-08-17 00:00:00',170,4908,360,2,170),(2018,3,73484,'Micro','2017-08-06 00:00:00','2017-08-17 00:00:00',170,4909,360,2,170),(2018,3,73485,'Micro','2017-08-06 00:00:00','2017-08-17 00:00:00',170,4910,360,2,170),(2018,3,73486,'Micro','2017-08-06 00:00:00','2017-08-17 00:00:00',170,4911,360,2,170),(2018,3,73487,'Micro','2017-08-06 00:00:00','2017-08-17 00:00:00',170,4912,360,2,170),(2018,3,73488,'Micro','2017-08-06 00:00:00','2017-08-17 00:00:00',170,4913,360,2,170),(2018,3,73489,'Micro','2017-08-06 00:00:00','2017-08-17 00:00:00',170,4914,360,2,170),(2018,3,73490,'Micro','2017-08-06 00:00:00','2017-08-17 00:00:00',170,4915,360,2,170),(2018,3,73491,'Micro','2017-08-06 00:00:00','2017-08-17 00:00:00',170,4916,360,2,170),(2018,3,73492,'Micro','2017-08-06 00:00:00','2017-08-17 00:00:00',170,4917,360,2,170),(2018,3,73493,'Micro','2017-08-06 00:00:00','2017-08-17 00:00:00',170,4918,360,2,170),(2018,3,73494,'Micro','2017-08-06 00:00:00','2017-08-17 00:00:00',170,4919,360,2,170),(2018,3,73495,'Micro','2017-08-06 00:00:00','2017-08-17 00:00:00',170,4920,360,2,170),(2018,3,73496,'Micro','2017-08-06 00:00:00','2017-08-17 00:00:00',170,4921,360,2,170),(2018,3,73497,'Micro','2017-08-06 00:00:00','2017-08-17 00:00:00',170,4922,360,2,170),(2018,3,73498,'Micro','2017-08-06 00:00:00','2017-08-17 00:00:00',170,4923,360,2,170),(2018,0,73499,'Micro','2017-08-06 00:00:00','2017-08-24 00:00:00',170,4924,360,2,100),(2018,3,73500,'Micro','2017-08-06 00:00:00','2017-08-17 00:00:00',170,4925,360,2,170),(2018,3,73501,'Micro','2017-08-06 00:00:00','2017-08-17 00:00:00',170,4926,360,2,170),(2017,3,73789,'Inscripcion Urba','2017-03-01 00:00:00','2017-04-22 00:00:00',160,4887,368,73789,160),(2017,3,73790,'Inscripcion Urba','2017-03-01 00:00:00','2017-08-17 00:00:00',160,4888,368,73790,160),(2017,0,73791,'Inscripcion Urba','2017-03-01 00:00:00',NULL,160,4927,368,73791,0),(2017,0,73792,'Inscripcion Urba','2017-03-01 00:00:00',NULL,160,4889,368,73792,0),(2017,3,73793,'Inscripcion Urba','2017-03-01 00:00:00','2017-07-04 00:00:00',160,4890,368,73793,160),(2017,3,73794,'Inscripcion Urba','2017-03-01 00:00:00','2017-04-07 00:00:00',160,4891,368,73794,160),(2017,3,73795,'Inscripcion Urba','2017-03-01 00:00:00','2017-04-13 00:00:00',160,4892,368,73795,160),(2017,1,73796,'Inscripcion Urba','2017-03-01 00:00:00','2017-08-21 00:00:00',160,4894,368,73796,160),(2017,3,73797,'Inscripcion Urba','2017-03-01 00:00:00','2017-08-17 00:00:00',160,4895,368,73797,160),(2017,3,73798,'Inscripcion Urba','2017-03-01 00:00:00','2017-04-09 00:00:00',160,4896,368,73798,160),(2017,1,73799,'Inscripcion Urba','2017-03-01 00:00:00','2017-08-21 00:00:00',160,4897,368,73799,160),(2017,3,73800,'Inscripcion Urba','2017-03-01 00:00:00','2017-04-07 00:00:00',160,4898,368,73800,160),(2017,3,73801,'Inscripcion Urba','2017-03-01 00:00:00','2017-04-07 00:00:00',160,4899,368,73801,160),(2017,3,73802,'Inscripcion Urba','2017-03-01 00:00:00','2017-04-07 00:00:00',160,4900,368,73802,160),(2017,0,73803,'Inscripcion Urba','2017-03-01 00:00:00',NULL,160,4901,368,73803,0),(2017,3,73804,'Inscripcion Urba','2017-03-01 00:00:00','2017-04-22 00:00:00',160,4902,368,73804,160),(2017,3,73805,'Inscripcion Urba','2017-03-01 00:00:00','2017-11-07 00:00:00',160,4903,368,73805,160),(2017,3,73806,'Inscripcion Urba','2017-03-01 00:00:00','2017-06-15 00:00:00',160,4904,368,73806,160),(2017,0,73807,'Inscripcion Urba','2017-03-01 00:00:00',NULL,160,4905,368,73807,0),(2017,1,73808,'Inscripcion Urba','2017-03-01 00:00:00','2017-08-21 00:00:00',160,4906,368,73808,160),(2017,3,73809,'Inscripcion Urba','2017-03-01 00:00:00','2017-04-18 00:00:00',160,4907,368,73809,160),(2017,3,73810,'Inscripcion Urba','2017-03-01 00:00:00','2017-04-27 00:00:00',160,4908,368,73810,160),(2017,3,73811,'Inscripcion Urba','2017-03-01 00:00:00','2017-08-17 00:00:00',160,4909,368,73811,160),(2017,3,73812,'Inscripcion Urba','2017-03-01 00:00:00','2017-04-13 00:00:00',160,4910,368,73812,160),(2017,0,73813,'Inscripcion Urba','2017-03-01 00:00:00',NULL,160,4911,368,73813,0),(2017,3,73814,'Inscripcion Urba','2017-03-01 00:00:00','2017-04-22 00:00:00',160,4912,368,73814,160),(2017,0,73815,'Inscripcion Urba','2017-03-01 00:00:00',NULL,160,4913,368,73815,0),(2017,3,73816,'Inscripcion Urba','2017-03-01 00:00:00','2017-04-22 00:00:00',160,4914,368,73816,160),(2017,3,73817,'Inscripcion Urba','2017-03-01 00:00:00','2017-05-18 00:00:00',160,4915,368,73817,160),(2017,3,73819,'Inscripcion Urba','2017-03-01 00:00:00','2017-04-07 00:00:00',160,4916,368,73819,160),(2017,3,73820,'Inscripcion Urba','2017-03-01 00:00:00','2017-04-18 00:00:00',160,4917,368,73820,160),(2017,3,73821,'Inscripcion Urba','2017-03-01 00:00:00','2017-04-13 00:00:00',160,4918,368,73821,160),(2017,3,73822,'Inscripcion Urba','2017-03-01 00:00:00','2017-08-17 00:00:00',160,4919,368,73822,160),(2017,3,73823,'Inscripcion Urba','2017-03-01 00:00:00','2017-04-07 00:00:00',160,4920,368,73823,160),(2017,3,73824,'Inscripcion Urba','2017-03-01 00:00:00','2017-06-15 00:00:00',160,4921,368,73824,160),(2017,3,73825,'Inscripcion Urba','2017-03-01 00:00:00','2017-04-11 00:00:00',160,4922,368,73825,160),(2017,1,73826,'Inscripcion Urba','2017-03-01 00:00:00','2017-08-21 00:00:00',160,4923,368,73826,160),(2017,3,73827,'Inscripcion Urba','2017-03-01 00:00:00','2017-04-07 00:00:00',160,4924,368,73827,160),(2017,1,73828,'Inscripcion Urba','2017-03-01 00:00:00','2017-08-21 00:00:00',160,4925,368,73828,160),(2017,0,73829,'Inscripcion Urba','2017-03-01 00:00:00',NULL,160,4926,368,73829,0),(2017,1,73830,'Micro','2017-04-07 00:00:00','2017-04-07 00:00:00',140,4887,369,73830,140),(2017,1,73831,'Micro','2017-04-07 00:00:00','2017-04-07 00:00:00',140,4888,369,73831,140),(2017,3,73835,'Micro','2017-04-07 00:00:00','2017-08-17 00:00:00',140,4891,369,73835,140),(2017,3,73839,'Micro','2017-04-07 00:00:00','2017-04-09 00:00:00',140,4896,369,73839,140),(2017,3,73842,'Micro','2017-04-07 00:00:00','2017-04-09 00:00:00',140,4899,369,73842,140),(2017,1,73844,'Micro','2017-04-07 00:00:00','2017-04-07 00:00:00',140,4901,369,73844,140),(2017,3,73849,'Micro','2017-04-07 00:00:00','2017-04-09 00:00:00',140,4906,369,73849,140),(2017,1,73851,'Micro','2017-04-07 00:00:00','2017-04-07 00:00:00',140,4908,369,73851,140),(2017,3,73852,'Micro','2017-04-07 00:00:00','2017-04-09 00:00:00',140,4909,369,73852,140),(2017,1,73853,'Micro','2017-04-07 00:00:00','2017-11-06 00:00:00',140,4910,369,73853,140),(2017,3,73855,'Micro','2017-04-07 00:00:00','2017-04-09 00:00:00',140,4912,369,73855,140),(2017,3,73858,'Micro','2017-04-07 00:00:00','2017-04-09 00:00:00',140,4915,369,73858,140),(2017,3,73860,'Micro','2017-04-07 00:00:00','2017-08-17 00:00:00',140,4916,369,73860,140),(2017,3,73864,'Micro','2017-04-07 00:00:00','2017-04-09 00:00:00',140,4920,369,73864,140),(2017,1,73871,'Cena o Almuerzo','2017-05-26 00:00:00','2017-05-26 00:00:00',50,4887,370,73871,50),(2017,1,73872,'Cena o Almuerzo','2017-05-26 00:00:00','2017-05-17 00:00:00',50,4888,370,73872,50),(2017,1,73875,'Cena o Almuerzo','2017-05-26 00:00:00','2017-05-26 00:00:00',50,4890,370,73875,50),(2017,1,73876,'Cena o Almuerzo','2017-05-26 00:00:00','2017-05-26 00:00:00',50,4891,370,73876,50),(2017,1,73877,'Cena o Almuerzo','2017-05-26 00:00:00','2017-05-26 00:00:00',50,4892,370,73877,50),(2017,1,73878,'Cena o Almuerzo','2017-05-26 00:00:00','2017-05-26 00:00:00',50,4894,370,73878,50),(2017,3,73880,'Cena o Almuerzo','2017-05-26 00:00:00','2017-06-04 00:00:00',50,4896,370,73880,50),(2017,1,73881,'Cena o Almuerzo','2017-05-26 00:00:00','2017-05-26 00:00:00',50,4897,370,73881,50),(2017,1,73882,'Cena o Almuerzo','2017-05-26 00:00:00','2017-05-26 00:00:00',50,4898,370,73882,50),(2017,1,73883,'Cena o Almuerzo','2017-05-26 00:00:00','2017-05-26 00:00:00',50,4899,370,73883,50),(2017,1,73884,'Cena o Almuerzo','2017-05-26 00:00:00','2017-05-26 00:00:00',50,4900,370,73884,50),(2017,1,73886,'Cena o Almuerzo','2017-05-26 00:00:00','2017-05-26 00:00:00',50,4902,370,73886,50),(2017,1,73887,'Cena o Almuerzo','2017-05-26 00:00:00','2017-05-26 00:00:00',50,4903,370,73887,50),(2017,1,73890,'Cena o Almuerzo','2017-05-26 00:00:00','2017-05-26 00:00:00',50,4906,370,73890,50),(2017,1,73891,'Cena o Almuerzo','2017-05-26 00:00:00','2017-05-26 00:00:00',50,4907,370,73891,50),(2017,1,73892,'Cena o Almuerzo','2017-05-26 00:00:00','2017-05-26 00:00:00',50,4908,370,73892,50),(2017,1,73895,'Cena o Almuerzo','2017-05-26 00:00:00','2017-05-26 00:00:00',50,4911,370,73895,50),(2017,1,73896,'Cena o Almuerzo','2017-05-26 00:00:00','2017-05-26 00:00:00',50,4912,370,73896,50),(2017,1,73898,'Cena o Almuerzo','2017-05-26 00:00:00','2017-05-26 00:00:00',50,4914,370,73898,50),(2017,1,73899,'Cena o Almuerzo','2017-05-26 00:00:00','2017-05-26 00:00:00',50,4915,370,73899,50),(2017,1,73901,'Cena o Almuerzo','2017-05-26 00:00:00','2017-05-26 00:00:00',50,4916,370,73901,50),(2017,1,73902,'Cena o Almuerzo','2017-05-26 00:00:00','2017-05-26 00:00:00',50,4917,370,73902,50),(2017,1,73903,'Cena o Almuerzo','2017-05-26 00:00:00','2017-05-26 00:00:00',50,4918,370,73903,50),(2017,1,73904,'Cena o Almuerzo','2017-05-26 00:00:00','2017-05-26 00:00:00',50,4919,370,73904,50),(2017,1,73905,'Cena o Almuerzo','2017-05-26 00:00:00','2017-05-26 00:00:00',50,4920,370,73905,50),(2017,1,73906,'Cena o Almuerzo','2017-05-26 00:00:00','2017-05-26 00:00:00',50,4921,370,73906,50),(2017,1,73907,'Cena o Almuerzo','2017-05-26 00:00:00','2017-05-26 00:00:00',50,4922,370,73907,50),(2017,1,73908,'Cena o Almuerzo','2017-05-26 00:00:00','2017-05-26 00:00:00',50,4923,370,73908,50),(2017,1,73909,'Cena o Almuerzo','2017-05-26 00:00:00','2017-05-26 00:00:00',50,4924,370,73909,50),(2017,1,73910,'Cena o Almuerzo','2017-05-26 00:00:00','2017-05-26 00:00:00',50,4925,370,73910,50),(2017,1,73911,'Cena o Almuerzo','2017-05-26 00:00:00','2017-05-26 00:00:00',50,4926,370,73911,50),(2017,3,73913,'Tercer Tiempo','2017-06-01 00:00:00','2017-06-04 00:00:00',100,4888,371,73913,100),(2017,1,73916,'Tercer Tiempo','2017-06-01 00:00:00','2017-04-06 00:00:00',100,4890,371,73916,100),(2017,3,73917,'Tercer Tiempo','2017-06-01 00:00:00','2017-06-04 00:00:00',100,4891,371,73917,100),(2017,3,73918,'Tercer Tiempo','2017-06-01 00:00:00','2017-07-09 00:00:00',100,4892,371,73918,100),(2017,1,73919,'Tercer Tiempo','2017-06-01 00:00:00','2017-08-31 00:00:00',100,4894,371,73919,100),(2017,1,73921,'Tercer Tiempo','2017-06-01 00:00:00','2017-05-04 00:00:00',100,4896,371,73921,100),(2017,1,73924,'Tercer Tiempo','2017-06-01 00:00:00','2017-06-01 00:00:00',100,4899,371,73924,100),(2017,3,73925,'Tercer Tiempo','2017-06-01 00:00:00','2017-06-04 00:00:00',100,4900,371,73925,100),(2017,3,73927,'Tercer Tiempo','2017-06-01 00:00:00','2017-06-04 00:00:00',100,4902,371,73927,100),(2017,1,73928,'Tercer Tiempo','2017-06-01 00:00:00','2017-04-28 00:00:00',100,4903,371,73928,100),(2017,3,73931,'Tercer Tiempo','2017-06-01 00:00:00','2017-06-04 00:00:00',100,4906,371,73931,100),(2017,3,73932,'Tercer Tiempo','2017-06-01 00:00:00','2017-06-04 00:00:00',100,4907,371,73932,100),(2017,3,73933,'Tercer Tiempo','2017-06-01 00:00:00','2017-06-04 00:00:00',100,4908,371,73933,100),(2017,3,73934,'Tercer Tiempo','2017-06-01 00:00:00','2017-06-04 00:00:00',100,4909,371,73934,100),(2017,3,73935,'Tercer Tiempo','2017-06-01 00:00:00','2017-06-04 00:00:00',100,4910,371,73935,100),(2017,3,73937,'Tercer Tiempo','2017-06-01 00:00:00','2017-06-04 00:00:00',100,4912,371,73937,100),(2017,3,73939,'Tercer Tiempo','2017-06-01 00:00:00','2017-08-17 00:00:00',100,4914,371,73939,100),(2017,3,73942,'Tercer Tiempo','2017-06-01 00:00:00','2017-06-04 00:00:00',100,4916,371,73942,100),(2017,3,73943,'Tercer Tiempo','2017-06-01 00:00:00','2017-06-04 00:00:00',100,4917,371,73943,100),(2017,3,73944,'Tercer Tiempo','2017-06-01 00:00:00','2017-06-04 00:00:00',100,4918,371,73944,100),(2017,1,73950,'Tercer Tiempo','2017-06-01 00:00:00','2017-04-06 00:00:00',100,4924,371,73950,100),(2017,1,73953,'Tercer Tiempo','2017-04-30 00:00:00','2017-04-27 00:00:00',100,4887,372,73953,100),(2017,1,73954,'Tercer Tiempo','2017-04-30 00:00:00','2017-04-27 00:00:00',100,4888,372,73954,100),(2017,1,73957,'Tercer Tiempo','2017-04-30 00:00:00','2017-04-27 00:00:00',100,4890,372,73957,100),(2017,1,73958,'Tercer Tiempo','2017-04-30 00:00:00','2017-04-27 00:00:00',100,4891,372,73958,100),(2017,1,73959,'Tercer Tiempo','2017-04-30 00:00:00','2017-04-28 00:00:00',100,4892,372,73959,100),(2017,3,73962,'Tercer Tiempo','2017-04-30 00:00:00','2017-05-04 00:00:00',100,4896,372,73962,100),(2017,1,73964,'Tercer Tiempo','2017-04-30 00:00:00','2017-04-28 00:00:00',100,4898,372,73964,100),(2017,1,73965,'Tercer Tiempo','2017-04-30 00:00:00','2017-04-27 00:00:00',100,4899,372,73965,100),(2017,1,73966,'Tercer Tiempo','2017-04-30 00:00:00','2017-04-27 00:00:00',100,4900,372,73966,100),(2017,1,73967,'Tercer Tiempo','2017-04-30 00:00:00','2017-04-30 00:00:00',100,4901,372,73967,100),(2017,1,73968,'Tercer Tiempo','2017-04-30 00:00:00','2017-04-28 00:00:00',100,4902,372,73968,100),(2017,1,73969,'Tercer Tiempo','2017-04-30 00:00:00','2017-04-30 00:00:00',100,4903,372,73969,100),(2017,1,73972,'Tercer Tiempo','2017-04-30 00:00:00','2017-04-30 00:00:00',100,4906,372,73972,100),(2017,1,73973,'Tercer Tiempo','2017-04-30 00:00:00','2017-04-28 00:00:00',100,4907,372,73973,100),(2017,1,73974,'Tercer Tiempo','2017-04-30 00:00:00','2017-04-30 00:00:00',100,4908,372,73974,100),(2017,1,73975,'Tercer Tiempo','2017-04-30 00:00:00','2017-04-27 00:00:00',100,4909,372,73975,100),(2017,1,73976,'Tercer Tiempo','2017-04-30 00:00:00','2017-04-30 00:00:00',100,4910,372,73976,100),(2017,3,73978,'Tercer Tiempo','2017-04-30 00:00:00','2017-05-04 00:00:00',100,4912,372,73978,100),(2017,3,73980,'Tercer Tiempo','2017-04-30 00:00:00','2017-08-17 00:00:00',100,4914,372,73980,100),(2017,1,73981,'Tercer Tiempo','2017-04-30 00:00:00','2017-04-30 00:00:00',100,4915,372,73981,100),(2017,1,73984,'Tercer Tiempo','2017-04-30 00:00:00','2017-04-30 00:00:00',100,4917,372,73984,100),(2017,1,73985,'Tercer Tiempo','2017-04-30 00:00:00','2017-04-30 00:00:00',100,4918,372,73985,100),(2017,1,73989,'Tercer Tiempo','2017-04-30 00:00:00','2017-04-28 00:00:00',100,4922,372,73989,100),(2017,1,73990,'Tercer Tiempo','2017-04-30 00:00:00','2017-04-27 00:00:00',100,4923,372,73990,100),(2017,1,73991,'Tercer Tiempo','2017-04-30 00:00:00','2017-04-28 00:00:00',100,4924,372,73991,100),(2017,1,74037,'Tercer Tiempo','2017-05-07 00:00:00','2017-05-07 00:00:00',100,4887,374,74037,100),(2017,1,74038,'Tercer Tiempo','2017-05-07 00:00:00','2017-05-07 00:00:00',100,4888,374,74038,100),(2017,1,74041,'Tercer Tiempo','2017-05-07 00:00:00','2017-05-07 00:00:00',100,4890,374,74041,100),(2017,1,74042,'Tercer Tiempo','2017-05-07 00:00:00','2017-05-07 00:00:00',100,4891,374,74042,100),(2017,1,74043,'Tercer Tiempo','2017-05-07 00:00:00','2017-05-07 00:00:00',100,4892,374,74043,100),(2017,1,74048,'Tercer Tiempo','2017-05-07 00:00:00','2017-05-07 00:00:00',100,4898,374,74048,100),(2017,1,74049,'Tercer Tiempo','2017-05-07 00:00:00','2017-05-07 00:00:00',100,4899,374,74049,100),(2017,1,74050,'Tercer Tiempo','2017-05-07 00:00:00','2017-05-04 00:00:00',100,4900,374,74050,100),(2017,3,74053,'Tercer Tiempo','2017-05-07 00:00:00','2017-08-17 00:00:00',100,4903,374,74053,100),(2017,1,74057,'Tercer Tiempo','2017-05-07 00:00:00','2017-04-07 00:00:00',100,4907,374,74057,100),(2017,1,74058,'Tercer Tiempo','2017-05-07 00:00:00','2017-05-07 00:00:00',100,4908,374,74058,100),(2017,1,74059,'Tercer Tiempo','2017-05-07 00:00:00','2017-05-07 00:00:00',100,4909,374,74059,100),(2017,1,74060,'Tercer Tiempo','2017-05-07 00:00:00','2017-05-07 00:00:00',100,4910,374,74060,100),(2017,1,74062,'Tercer Tiempo','2017-05-07 00:00:00','2017-05-07 00:00:00',100,4912,374,74062,100),(2017,1,74064,'Tercer Tiempo','2017-05-07 00:00:00','2017-05-07 00:00:00',100,4914,374,74064,100),(2017,1,74065,'Tercer Tiempo','2017-05-07 00:00:00','2017-05-07 00:00:00',100,4915,374,74065,100),(2017,1,74068,'Tercer Tiempo','2017-05-07 00:00:00','2017-05-07 00:00:00',100,4917,374,74068,100),(2017,1,74070,'Tercer Tiempo','2017-05-07 00:00:00','2017-05-07 00:00:00',100,4919,374,74070,100),(2017,1,74071,'Tercer Tiempo','2017-05-07 00:00:00','2017-05-07 00:00:00',100,4920,374,74071,100),(2017,3,74072,'Tercer Tiempo','2017-05-07 00:00:00','2017-08-17 00:00:00',100,4921,374,74072,100),(2017,1,74073,'Tercer Tiempo','2017-05-07 00:00:00','2017-05-07 00:00:00',100,4922,374,74073,100),(2017,1,74075,'Tercer Tiempo','2017-05-07 00:00:00','2017-05-07 00:00:00',100,4924,374,74075,100),(2017,1,74080,'Micro','2017-05-14 00:00:00','2017-05-14 00:00:00',150,4888,375,74080,150),(2017,1,74084,'Micro','2017-05-14 00:00:00','2017-05-11 00:00:00',150,4891,375,74084,150),(2017,0,74085,'Micro','2017-05-14 00:00:00','2017-06-11 00:00:00',150,4892,375,74085,100),(2017,1,74086,'Micro','2017-05-14 00:00:00','2017-05-14 00:00:00',150,4894,375,74086,150),(2017,1,74088,'Micro','2017-05-14 00:00:00','2017-05-14 00:00:00',150,4896,375,74088,150),(2017,1,74090,'Micro','2017-05-14 00:00:00','2017-05-14 00:00:00',150,4898,375,74090,150),(2017,3,74091,'Micro','2017-05-14 00:00:00','2017-06-25 00:00:00',150,4899,375,74091,150),(2017,1,74092,'Micro','2017-05-14 00:00:00','2017-05-14 00:00:00',150,4900,375,74092,150),(2017,1,74094,'Micro','2017-05-14 00:00:00','2017-05-14 00:00:00',150,4902,375,74094,150),(2017,1,74095,'Micro','2017-05-14 00:00:00','2017-05-14 00:00:00',150,4903,375,74095,150),(2017,1,74098,'Micro','2017-05-14 00:00:00','2017-05-14 00:00:00',150,4906,375,74098,150),(2017,1,74099,'Micro','2017-05-14 00:00:00','2017-05-14 00:00:00',150,4907,375,74099,150),(2017,1,74100,'Micro','2017-05-14 00:00:00','2017-05-14 00:00:00',150,4908,375,74100,150),(2017,1,74101,'Micro','2017-05-14 00:00:00','2017-05-14 00:00:00',150,4909,375,74101,150),(2017,1,74102,'Micro','2017-05-14 00:00:00','2017-05-14 00:00:00',150,4910,375,74102,150),(2017,0,74104,'Micro','2017-05-14 00:00:00','2017-08-17 00:00:00',150,4912,375,74104,100),(2017,1,74106,'Micro','2017-05-14 00:00:00','2017-05-14 00:00:00',150,4914,375,74106,150),(2017,3,74110,'Micro','2017-05-14 00:00:00','2017-07-14 00:00:00',150,4917,375,74110,150),(2017,1,74113,'Micro','2017-05-14 00:00:00','2017-05-14 00:00:00',150,4920,375,74113,150),(2017,1,74114,'Micro','2017-05-14 00:00:00','2017-05-14 00:00:00',150,4921,375,74114,150),(2017,1,74115,'Micro','2017-05-14 00:00:00','2017-05-14 00:00:00',150,4922,375,74115,150),(2017,1,74117,'Micro','2017-05-14 00:00:00','2017-05-14 00:00:00',150,4924,375,74117,150),(2017,1,74121,'Tercer Tiempo','2017-07-09 00:00:00','2017-07-09 00:00:00',100,4887,376,74121,100),(2017,1,74122,'Tercer Tiempo','2017-07-09 00:00:00','2017-07-09 00:00:00',100,4888,376,74122,100),(2017,1,74125,'Tercer Tiempo','2017-07-09 00:00:00','2017-07-09 00:00:00',100,4890,376,74125,100),(2017,1,74126,'Tercer Tiempo','2017-07-09 00:00:00','2017-06-25 00:00:00',100,4891,376,74126,100),(2017,1,74127,'Tercer Tiempo','2017-07-09 00:00:00','2017-07-09 00:00:00',100,4892,376,74127,100),(2017,1,74128,'Tercer Tiempo','2017-07-09 00:00:00','2017-08-31 00:00:00',100,4894,376,74128,100),(2017,1,74130,'Tercer Tiempo','2017-07-09 00:00:00','2017-07-09 00:00:00',100,4896,376,74130,100),(2017,1,74132,'Tercer Tiempo','2017-07-09 00:00:00','2017-07-09 00:00:00',100,4898,376,74132,100),(2017,1,74133,'Tercer Tiempo','2017-07-09 00:00:00','2017-06-25 00:00:00',100,4899,376,74133,100),(2017,1,74134,'Tercer Tiempo','2017-07-09 00:00:00','2017-07-09 00:00:00',100,4900,376,74134,100),(2017,1,74137,'Tercer Tiempo','2017-07-09 00:00:00','2017-10-08 00:00:00',100,4903,376,74137,100),(2017,1,74140,'Tercer Tiempo','2017-07-09 00:00:00','2017-07-09 00:00:00',100,4906,376,74140,100),(2017,3,74141,'Tercer Tiempo','2017-07-09 00:00:00','2017-08-18 00:00:00',100,4907,376,74141,100),(2017,1,74142,'Tercer Tiempo','2017-07-09 00:00:00','2017-07-09 00:00:00',100,4908,376,74142,100),(2017,1,74143,'Tercer Tiempo','2017-07-09 00:00:00','2017-07-09 00:00:00',100,4909,376,74143,100),(2017,1,74144,'Tercer Tiempo','2017-07-09 00:00:00','2017-07-09 00:00:00',100,4910,376,74144,100),(2017,1,74145,'Tercer Tiempo','2017-07-09 00:00:00','2017-07-09 00:00:00',100,4911,376,74145,100),(2017,1,74148,'Tercer Tiempo','2017-07-09 00:00:00','2017-07-09 00:00:00',100,4914,376,74148,100),(2017,1,74150,'Tercer Tiempo','2017-07-09 00:00:00','2017-08-21 00:00:00',100,4928,376,74150,100),(2017,1,74151,'Tercer Tiempo','2017-07-09 00:00:00','2017-07-09 00:00:00',100,4916,376,74151,100),(2017,1,74152,'Tercer Tiempo','2017-07-09 00:00:00','2017-07-09 00:00:00',100,4917,376,74152,100),(2017,1,74153,'Tercer Tiempo','2017-07-09 00:00:00','2017-07-09 00:00:00',100,4918,376,74153,100),(2017,1,74154,'Tercer Tiempo','2017-07-09 00:00:00','2017-07-09 00:00:00',100,4919,376,74154,100),(2017,1,74155,'Tercer Tiempo','2017-07-09 00:00:00','2017-07-09 00:00:00',100,4920,376,74155,100),(2017,1,74156,'Tercer Tiempo','2017-07-09 00:00:00','2017-07-09 00:00:00',100,4921,376,74156,100),(2017,0,74157,'Tercer Tiempo','2017-07-09 00:00:00',NULL,100,4922,376,74157,0),(2017,1,74159,'Tercer Tiempo','2017-07-09 00:00:00','2017-07-09 00:00:00',100,4924,376,74159,100),(2017,1,74160,'Tercer Tiempo','2017-07-09 00:00:00','2017-08-22 00:00:00',100,4929,376,74160,100),(2017,1,74161,'Tercer Tiempo','2017-07-09 00:00:00','2017-07-09 00:00:00',100,4925,376,74161,100),(2017,0,74162,'Tercer Tiempo','2017-07-09 00:00:00',NULL,100,4926,376,74162,0),(2017,1,74164,'Tercer Tiempo','2017-06-25 00:00:00','2017-06-25 00:00:00',100,4888,377,74164,100),(2017,1,74167,'Tercer Tiempo','2017-06-25 00:00:00','2017-06-25 00:00:00',100,4890,377,74167,100),(2017,1,74170,'Tercer Tiempo','2017-06-25 00:00:00','2017-08-31 00:00:00',100,4894,377,74170,100),(2017,1,74174,'Tercer Tiempo','2017-06-25 00:00:00','2017-06-25 00:00:00',100,4898,377,74174,100),(2017,1,74175,'Tercer Tiempo','2017-06-25 00:00:00','2017-06-25 00:00:00',100,4899,377,74175,100),(2017,1,74180,'Tercer Tiempo','2017-06-25 00:00:00','2017-06-25 00:00:00',100,4904,377,74180,100),(2017,1,74182,'Tercer Tiempo','2017-06-25 00:00:00','2017-06-25 00:00:00',100,4906,377,74182,100),(2017,3,74183,'Tercer Tiempo','2017-06-25 00:00:00','2017-10-25 00:00:00',100,4907,377,74183,100),(2017,1,74184,'Tercer Tiempo','2017-06-25 00:00:00','2017-06-25 00:00:00',100,4908,377,74184,100),(2017,1,74185,'Tercer Tiempo','2017-06-25 00:00:00','2017-06-25 00:00:00',100,4909,377,74185,100),(2017,3,74186,'Tercer Tiempo','2017-06-25 00:00:00','2017-08-06 00:00:00',100,4910,377,74186,100),(2017,1,74187,'Tercer Tiempo','2017-06-25 00:00:00','2017-06-25 00:00:00',100,4911,377,74187,100),(2017,1,74190,'Tercer Tiempo','2017-06-25 00:00:00','2017-08-31 00:00:00',100,4914,377,74190,100),(2017,1,74192,'Tercer Tiempo','2017-06-25 00:00:00','2017-08-21 00:00:00',100,4928,377,74192,100),(2017,1,74193,'Tercer Tiempo','2017-06-25 00:00:00','2017-06-25 00:00:00',100,4916,377,74193,100),(2017,1,74195,'Tercer Tiempo','2017-06-25 00:00:00','2017-06-25 00:00:00',100,4918,377,74195,100),(2017,1,74196,'Tercer Tiempo','2017-06-25 00:00:00','2017-06-25 00:00:00',100,4919,377,74196,100),(2017,1,74197,'Tercer Tiempo','2017-06-25 00:00:00','2017-06-25 00:00:00',100,4920,377,74197,100),(2017,1,74200,'Tercer Tiempo','2017-06-25 00:00:00','2017-06-25 00:00:00',100,4923,377,74200,100),(2017,1,74201,'Tercer Tiempo','2017-06-25 00:00:00','2017-06-25 00:00:00',100,4924,377,74201,100),(2017,1,74202,'Tercer Tiempo','2017-06-25 00:00:00','2017-10-01 00:00:00',100,4929,377,74202,100),(2017,0,74204,'Tercer Tiempo','2017-06-25 00:00:00',NULL,100,4926,377,74204,0),(2017,1,74206,'Tercer Tiempo','2017-08-20 00:00:00','2017-08-21 00:00:00',100,4888,378,74206,100),(2017,3,74209,'Tercer Tiempo','2017-08-20 00:00:00','2017-08-21 00:00:00',100,4890,378,74209,100),(2017,3,74210,'Tercer Tiempo','2017-08-20 00:00:00','2017-08-21 00:00:00',100,4891,378,74210,100),(2017,1,74212,'Tercer Tiempo','2017-08-20 00:00:00','2017-08-31 00:00:00',100,4894,378,74212,100),(2017,3,74214,'Tercer Tiempo','2017-08-20 00:00:00','2017-08-21 00:00:00',100,4896,378,74214,100),(2017,3,74216,'Tercer Tiempo','2017-08-20 00:00:00','2017-08-21 00:00:00',100,4898,378,74216,100),(2017,3,74218,'Tercer Tiempo','2017-08-20 00:00:00','2017-08-21 00:00:00',100,4900,378,74218,100),(2017,3,74221,'Tercer Tiempo','2017-08-20 00:00:00','2017-08-21 00:00:00',100,4903,378,74221,100),(2017,3,74223,'Tercer Tiempo','2017-08-20 00:00:00','2017-08-21 00:00:00',100,4905,378,74223,100),(2017,3,74224,'Tercer Tiempo','2017-08-20 00:00:00','2017-08-21 00:00:00',100,4906,378,74224,100),(2017,1,74225,'Tercer Tiempo','2017-08-20 00:00:00','2017-08-18 00:00:00',100,4907,378,74225,100),(2017,1,74226,'Tercer Tiempo','2017-08-20 00:00:00','2017-08-18 00:00:00',100,4908,378,74226,100),(2017,1,74227,'Tercer Tiempo','2017-08-20 00:00:00','2017-08-18 00:00:00',100,4909,378,74227,100),(2017,1,74228,'Tercer Tiempo','2017-08-20 00:00:00','2017-08-18 00:00:00',100,4910,378,74228,100),(2017,3,74229,'Tercer Tiempo','2017-08-20 00:00:00','2017-08-21 00:00:00',100,4911,378,74229,100),(2017,3,74230,'Tercer Tiempo','2017-08-20 00:00:00','2017-08-21 00:00:00',100,4912,378,74230,100),(2017,3,74232,'Tercer Tiempo','2017-08-20 00:00:00','2017-08-21 00:00:00',100,4914,378,74232,100),(2017,3,74233,'Tercer Tiempo','2017-08-20 00:00:00','2017-08-21 00:00:00',100,4915,378,74233,100),(2017,3,74234,'Tercer Tiempo','2017-08-20 00:00:00','2017-08-21 00:00:00',100,4928,378,74234,100),(2017,3,74235,'Tercer Tiempo','2017-08-20 00:00:00','2017-08-21 00:00:00',100,4916,378,74235,100),(2017,3,74239,'Tercer Tiempo','2017-08-20 00:00:00','2017-08-21 00:00:00',100,4920,378,74239,100),(2017,3,74240,'Tercer Tiempo','2017-08-20 00:00:00','2017-08-21 00:00:00',100,4921,378,74240,100),(2017,1,74243,'Tercer Tiempo','2017-08-20 00:00:00','2017-08-24 00:00:00',100,4924,378,74243,100),(2017,3,74244,'Tercer Tiempo','2017-08-20 00:00:00','2017-08-21 00:00:00',100,4929,378,74244,100),(2017,0,74246,'Tercer Tiempo','2017-08-20 00:00:00',NULL,100,4926,378,74246,0),(0,1,74336,'TERCER TIEMPO','2017-08-20 00:00:00','2017-08-22 00:00:00',100,4930,378,0,100),(0,1,74337,'TERCER TIEMPO','2017-08-20 00:00:00','2017-08-22 00:00:00',100,4931,378,0,100),(0,1,74338,'TERCER TIEMPO','2017-08-20 00:00:00','2017-08-22 00:00:00',100,4932,378,0,100),(0,1,74346,'TERCER TIEMPO','2017-09-03 00:00:00','2017-09-06 00:00:00',100,4888,385,74346,100),(0,1,74347,'TERCER TIEMPO','2017-09-03 00:00:00','2017-09-06 00:00:00',100,4927,385,74347,100),(0,1,74348,'TERCER TIEMPO','2017-09-03 00:00:00','2017-09-06 00:00:00',100,4890,385,74348,100),(0,1,74349,'TERCER TIEMPO','2017-09-03 00:00:00','2017-09-06 00:00:00',100,4891,385,74349,100),(0,1,74350,'TERCER TIEMPO','2017-09-03 00:00:00','2017-09-06 00:00:00',100,4892,385,74350,100),(0,0,74351,'TERCER TIEMPO','2017-09-03 00:00:00',NULL,100,4894,385,74351,0),(0,1,74353,'TERCER TIEMPO','2017-09-03 00:00:00','2017-09-10 00:00:00',100,4896,385,74353,100),(0,1,74355,'TERCER TIEMPO','2017-09-03 00:00:00','2017-09-06 00:00:00',100,4898,385,74355,100),(0,1,74356,'TERCER TIEMPO','2017-09-03 00:00:00','2017-09-06 00:00:00',100,4899,385,74356,100),(0,1,74357,'TERCER TIEMPO','2017-09-03 00:00:00','2017-09-06 00:00:00',100,4900,385,74357,100),(0,0,74358,'TERCER TIEMPO','2017-09-03 00:00:00',NULL,100,4902,385,74358,0),(0,0,74359,'TERCER TIEMPO','2017-09-03 00:00:00',NULL,100,4932,385,74359,0),(0,1,74360,'TERCER TIEMPO','2017-09-03 00:00:00','2017-09-06 00:00:00',100,4903,385,74360,100),(0,1,74362,'TERCER TIEMPO','2017-09-03 00:00:00','2017-09-06 00:00:00',100,4905,385,74362,100),(0,1,74363,'TERCER TIEMPO','2017-09-03 00:00:00','2017-09-06 00:00:00',100,4906,385,74363,100),(0,1,74364,'TERCER TIEMPO','2017-09-03 00:00:00','2017-09-10 00:00:00',100,4907,385,74364,100),(0,0,74365,'TERCER TIEMPO','2017-09-03 00:00:00',NULL,100,4930,385,74365,0),(0,0,74366,'TERCER TIEMPO','2017-09-03 00:00:00',NULL,100,4908,385,74366,0),(0,1,74367,'TERCER TIEMPO','2017-09-03 00:00:00','2017-09-17 00:00:00',100,4909,385,74367,100),(0,1,74368,'TERCER TIEMPO','2017-09-03 00:00:00','2017-09-06 00:00:00',100,4910,385,74368,100),(0,1,74369,'TERCER TIEMPO','2017-09-03 00:00:00','2017-09-06 00:00:00',100,4911,385,74369,100),(0,1,74370,'TERCER TIEMPO','2017-09-03 00:00:00','2017-09-10 00:00:00',100,4912,385,74370,100),(0,0,74371,'TERCER TIEMPO','2017-09-03 00:00:00',NULL,100,4931,385,74371,0),(0,0,74373,'TERCER TIEMPO','2017-09-03 00:00:00',NULL,100,4914,385,74373,0),(0,1,74374,'TERCER TIEMPO','2017-09-03 00:00:00','2017-09-06 00:00:00',100,4915,385,74374,100),(0,1,74375,'TERCER TIEMPO','2017-09-03 00:00:00','2017-09-01 00:00:00',100,4928,385,74375,100),(0,1,74376,'TERCER TIEMPO','2017-09-03 00:00:00','2017-09-01 00:00:00',100,4916,385,74376,100),(0,1,74377,'TERCER TIEMPO','2017-09-03 00:00:00','2017-09-06 00:00:00',100,4917,385,74377,100),(0,1,74378,'TERCER TIEMPO','2017-09-03 00:00:00','2017-09-06 00:00:00',100,4918,385,74378,100),(0,1,74379,'TERCER TIEMPO','2017-09-03 00:00:00','2017-10-03 00:00:00',100,4919,385,74379,100),(0,1,74380,'TERCER TIEMPO','2017-09-03 00:00:00','2017-09-06 00:00:00',100,4920,385,74380,100),(0,1,74381,'TERCER TIEMPO','2017-09-03 00:00:00','2017-09-06 00:00:00',100,4921,385,74381,100),(0,1,74382,'TERCER TIEMPO','2017-09-03 00:00:00','2017-09-06 00:00:00',100,4922,385,74382,100),(0,1,74383,'TERCER TIEMPO','2017-09-03 00:00:00','2017-09-06 00:00:00',100,4923,385,74383,100),(0,1,74384,'TERCER TIEMPO','2017-09-03 00:00:00','2017-09-06 00:00:00',100,4924,385,74384,100),(0,0,74386,'TERCER TIEMPO','2017-09-03 00:00:00',NULL,100,4925,385,74386,0),(0,0,74387,'TERCER TIEMPO','2017-09-03 00:00:00',NULL,100,4926,385,74387,0),(0,0,74389,'INSCRIPCION URBA','2017-03-01 00:00:00',NULL,160,4931,368,0,0),(0,1,74391,'MICRO','2017-09-10 00:00:00','2017-09-10 00:00:00',200,4888,386,74391,200),(0,1,74392,'MICRO','2017-09-10 00:00:00','2017-09-10 00:00:00',200,4927,386,74392,200),(0,1,74393,'MICRO','2017-09-10 00:00:00','2017-09-10 00:00:00',200,4890,386,74393,200),(0,1,74394,'MICRO','2017-09-10 00:00:00','2017-09-10 00:00:00',200,4891,386,74394,200),(0,1,74395,'MICRO','2017-09-10 00:00:00','2017-09-17 00:00:00',200,4892,386,74395,200),(0,1,74396,'MICRO','2017-09-10 00:00:00','2017-09-17 00:00:00',200,4894,386,74396,200),(0,0,74397,'MICRO','2017-09-10 00:00:00',NULL,200,4895,386,74397,0),(0,1,74398,'MICRO','2017-09-10 00:00:00','2017-09-10 00:00:00',200,4896,386,74398,200),(0,1,74400,'MICRO','2017-09-10 00:00:00','2017-09-10 00:00:00',200,4898,386,74400,200),(0,1,74401,'MICRO','2017-09-10 00:00:00','2017-09-10 00:00:00',200,4899,386,74401,200),(0,1,74402,'MICRO','2017-09-10 00:00:00','2017-09-10 00:00:00',200,4900,386,74402,200),(0,0,74403,'MICRO','2017-09-10 00:00:00',NULL,200,4902,386,74403,0),(0,1,74405,'MICRO','2017-09-10 00:00:00','2017-09-14 00:00:00',200,4903,386,74405,200),(0,1,74406,'MICRO','2017-09-10 00:00:00','2017-09-10 00:00:00',200,4904,386,74406,200),(0,0,74407,'MICRO','2017-09-10 00:00:00',NULL,200,4905,386,74407,0),(0,1,74408,'MICRO','2017-09-10 00:00:00','2017-09-10 00:00:00',200,4906,386,74408,200),(0,1,74409,'MICRO','2017-09-10 00:00:00','2017-09-10 00:00:00',200,4907,386,74409,200),(0,0,74410,'MICRO','2017-09-10 00:00:00',NULL,200,4930,386,74410,0),(0,0,74411,'MICRO','2017-09-10 00:00:00',NULL,200,4908,386,74411,0),(0,1,74412,'MICRO','2017-09-10 00:00:00','2017-09-10 00:00:00',200,4909,386,74412,200),(0,1,74413,'MICRO','2017-09-10 00:00:00','2017-09-10 00:00:00',200,4910,386,74413,200),(0,1,74415,'MICRO','2017-09-10 00:00:00','2017-09-10 00:00:00',200,4912,386,74415,200),(0,0,74416,'MICRO','2017-09-10 00:00:00',NULL,200,4931,386,74416,0),(0,1,74418,'MICRO','2017-09-10 00:00:00','2017-09-10 00:00:00',200,4914,386,74418,200),(0,1,74419,'MICRO','2017-09-10 00:00:00','2017-09-10 00:00:00',200,4915,386,74419,200),(0,1,74420,'MICRO','2017-09-10 00:00:00','2017-09-10 00:00:00',200,4928,386,74420,200),(0,1,74421,'MICRO','2017-09-10 00:00:00','2017-09-10 00:00:00',200,4916,386,74421,200),(0,1,74422,'MICRO','2017-09-10 00:00:00','2017-09-10 00:00:00',200,4917,386,74422,200),(0,1,74423,'MICRO','2017-09-10 00:00:00','2017-09-10 00:00:00',200,4918,386,74423,200),(0,1,74424,'MICRO','2017-09-10 00:00:00','2017-10-03 00:00:00',200,4919,386,74424,200),(0,1,74425,'MICRO','2017-09-10 00:00:00','2017-09-10 00:00:00',200,4920,386,74425,200),(0,1,74426,'MICRO','2017-09-10 00:00:00','2017-11-06 00:00:00',200,4921,386,74426,200),(0,1,74427,'MICRO','2017-09-10 00:00:00','2017-09-10 00:00:00',200,4922,386,74427,200),(0,1,74428,'MICRO','2017-09-10 00:00:00','2017-09-10 00:00:00',200,4923,386,74428,200),(0,1,74429,'MICRO','2017-09-10 00:00:00','2017-09-10 00:00:00',200,4924,386,74429,200),(0,1,74430,'MICRO','2017-09-10 00:00:00','2017-11-06 00:00:00',200,4929,386,74430,200),(0,1,74431,'MICRO','2017-09-10 00:00:00','2017-09-10 00:00:00',200,4925,386,74431,200),(0,0,74432,'MICRO','2017-09-10 00:00:00',NULL,200,4926,386,74432,0),(0,1,74433,'MICRO','2017-09-10 00:00:00','2017-09-10 00:00:00',200,4935,386,0,200),(0,1,74434,'MICRO','2017-09-10 00:00:00','2017-09-10 00:00:00',200,4936,386,0,200),(0,1,74435,'MICRO','2017-09-10 00:00:00','2017-09-10 00:00:00',200,4937,386,0,200),(0,1,74436,'TERCER TIEMPO','2017-09-17 00:00:00','2017-09-17 00:00:00',100,4937,387,74436,100),(0,1,74438,'TERCER TIEMPO','2017-09-17 00:00:00','2017-09-17 00:00:00',100,4888,387,74438,100),(0,1,74439,'TERCER TIEMPO','2017-09-17 00:00:00','2017-09-17 00:00:00',100,4927,387,74439,100),(0,1,74440,'TERCER TIEMPO','2017-09-17 00:00:00','2017-09-24 00:00:00',100,4890,387,74440,100),(0,0,74441,'TERCER TIEMPO','2017-09-17 00:00:00',NULL,100,4891,387,74441,0),(0,1,74442,'TERCER TIEMPO','2017-09-17 00:00:00','2017-09-17 00:00:00',100,4892,387,74442,100),(0,0,74443,'TERCER TIEMPO','2017-09-17 00:00:00',NULL,100,4894,387,74443,0),(0,1,74445,'TERCER TIEMPO','2017-09-17 00:00:00','2017-09-17 00:00:00',100,4896,387,74445,100),(0,1,74447,'TERCER TIEMPO','2017-09-17 00:00:00','2017-09-17 00:00:00',100,4898,387,74447,100),(0,1,74448,'TERCER TIEMPO','2017-09-17 00:00:00','2017-09-17 00:00:00',100,4899,387,74448,100),(0,1,74449,'TERCER TIEMPO','2017-09-17 00:00:00','2017-09-17 00:00:00',100,4900,387,74449,100),(0,0,74450,'TERCER TIEMPO','2017-09-17 00:00:00',NULL,100,4902,387,74450,0),(0,1,74452,'TERCER TIEMPO','2017-09-17 00:00:00','2017-09-17 00:00:00',100,4903,387,74452,100),(0,1,74454,'TERCER TIEMPO','2017-09-17 00:00:00','2017-09-17 00:00:00',100,4905,387,74454,100),(0,1,74455,'TERCER TIEMPO','2017-09-17 00:00:00','2017-09-17 00:00:00',100,4906,387,74455,100),(0,1,74456,'TERCER TIEMPO','2017-09-17 00:00:00','2017-09-17 00:00:00',100,4907,387,74456,100),(0,1,74458,'TERCER TIEMPO','2017-09-17 00:00:00','2017-09-21 00:00:00',100,4908,387,74458,100),(0,1,74459,'TERCER TIEMPO','2017-09-17 00:00:00','2017-09-17 00:00:00',100,4909,387,74459,100),(0,1,74460,'TERCER TIEMPO','2017-09-17 00:00:00','2017-10-01 00:00:00',100,4910,387,74460,100),(0,1,74461,'TERCER TIEMPO','2017-09-17 00:00:00','2017-10-01 00:00:00',100,4911,387,74461,100),(0,1,74462,'TERCER TIEMPO','2017-09-17 00:00:00','2017-09-17 00:00:00',100,4912,387,74462,100),(0,0,74463,'TERCER TIEMPO','2017-09-17 00:00:00',NULL,100,4931,387,74463,0),(0,0,74465,'TERCER TIEMPO','2017-09-17 00:00:00',NULL,100,4914,387,74465,0),(0,1,74466,'TERCER TIEMPO','2017-09-17 00:00:00','2017-09-17 00:00:00',100,4915,387,74466,100),(0,1,74467,'TERCER TIEMPO','2017-09-17 00:00:00','2017-09-17 00:00:00',100,4928,387,74467,100),(0,1,74468,'TERCER TIEMPO','2017-09-17 00:00:00','2017-09-17 00:00:00',100,4916,387,74468,100),(0,1,74469,'TERCER TIEMPO','2017-09-17 00:00:00','2017-09-17 00:00:00',100,4917,387,74469,100),(0,0,74470,'TERCER TIEMPO','2017-09-17 00:00:00',NULL,100,4918,387,74470,0),(0,0,74472,'TERCER TIEMPO','2017-09-17 00:00:00','2017-10-31 00:00:00',100,4920,387,74472,50),(0,1,74473,'TERCER TIEMPO','2017-09-17 00:00:00','2017-09-17 00:00:00',100,4921,387,74473,100),(0,1,74474,'TERCER TIEMPO','2017-09-17 00:00:00','2017-09-17 00:00:00',100,4922,387,74474,100),(0,1,74475,'TERCER TIEMPO','2017-09-17 00:00:00','2017-09-17 00:00:00',100,4923,387,74475,100),(0,1,74476,'TERCER TIEMPO','2017-09-17 00:00:00','2017-09-17 00:00:00',100,4924,387,74476,100),(0,0,74478,'TERCER TIEMPO','2017-09-17 00:00:00',NULL,100,4925,387,74478,0),(0,1,74479,'TERCER TIEMPO','2017-09-17 00:00:00','2017-09-17 00:00:00',100,4926,387,74479,100),(0,1,74480,'TERCER TIEMPO','2017-09-17 00:00:00','2017-09-17 00:00:00',100,4938,387,0,100),(0,1,74481,'TERCER TIEMPO','2017-09-17 00:00:00','2017-09-17 00:00:00',100,4939,387,0,100),(0,1,74482,'TERCER TIEMPO','2017-09-17 00:00:00','2017-09-17 00:00:00',100,4940,387,0,100),(0,1,74483,'TERCER TIEMPO','2017-09-17 00:00:00','2017-09-17 00:00:00',100,4941,387,0,100),(0,1,74484,'MICRO','2017-09-24 00:00:00','2017-10-01 00:00:00',170,4941,388,74484,170),(0,1,74485,'MICRO','2017-09-24 00:00:00','2017-09-24 00:00:00',170,4937,388,74485,170),(0,1,74486,'MICRO','2017-09-24 00:00:00','2017-09-24 00:00:00',170,4888,388,74486,170),(0,1,74487,'MICRO','2017-09-24 00:00:00','2017-09-24 00:00:00',170,4927,388,74487,170),(0,1,74488,'MICRO','2017-09-24 00:00:00','2017-09-24 00:00:00',170,4890,388,74488,170),(0,1,74489,'MICRO','2017-09-24 00:00:00','2017-09-24 00:00:00',170,4891,388,74489,170),(0,1,74490,'MICRO','2017-09-24 00:00:00','2017-09-24 00:00:00',170,4892,388,74490,170),(0,1,74491,'MICRO','2017-09-24 00:00:00','2017-09-24 00:00:00',170,4894,388,74491,170),(0,0,74492,'MICRO','2017-09-24 00:00:00',NULL,170,4895,388,74492,0),(0,1,74493,'MICRO','2017-09-24 00:00:00','2017-09-24 00:00:00',170,4896,388,74493,170),(0,1,74495,'MICRO','2017-09-24 00:00:00','2017-10-08 00:00:00',170,4898,388,74495,170),(0,1,74496,'MICRO','2017-09-24 00:00:00','2017-09-24 00:00:00',170,4899,388,74496,170),(0,1,74497,'MICRO','2017-09-24 00:00:00','2017-09-24 00:00:00',170,4900,388,74497,170),(0,1,74498,'MICRO','2017-09-24 00:00:00','2017-09-24 00:00:00',170,4902,388,74498,170),(0,1,74500,'MICRO','2017-09-24 00:00:00','2017-09-24 00:00:00',170,4903,388,74500,170),(0,0,74502,'MICRO','2017-09-24 00:00:00',NULL,170,4905,388,74502,0),(0,1,74503,'MICRO','2017-09-24 00:00:00','2017-10-01 00:00:00',170,4906,388,74503,170),(0,1,74504,'MICRO','2017-09-24 00:00:00','2017-09-24 00:00:00',170,4907,388,74504,170),(0,1,74506,'MICRO','2017-09-24 00:00:00','2017-09-24 00:00:00',170,4908,388,74506,170),(0,1,74507,'MICRO','2017-09-24 00:00:00','2017-09-24 00:00:00',170,4909,388,74507,170),(0,1,74508,'MICRO','2017-09-24 00:00:00','2017-09-24 00:00:00',170,4910,388,74508,170),(0,1,74509,'MICRO','2017-09-24 00:00:00','2017-10-01 00:00:00',170,4911,388,74509,170),(0,1,74510,'MICRO','2017-09-24 00:00:00','2017-10-01 00:00:00',170,4912,388,74510,170),(0,1,74513,'MICRO','2017-09-24 00:00:00','2017-09-24 00:00:00',170,4914,388,74513,170),(0,1,74514,'MICRO','2017-09-24 00:00:00','2017-09-24 00:00:00',170,4915,388,74514,170),(0,1,74515,'MICRO','2017-09-24 00:00:00','2017-09-24 00:00:00',170,4928,388,74515,170),(0,1,74516,'MICRO','2017-09-24 00:00:00','2017-09-24 00:00:00',170,4916,388,74516,170),(0,1,74517,'MICRO','2017-09-24 00:00:00','2017-09-24 00:00:00',170,4917,388,74517,170),(0,0,74518,'MICRO','2017-09-24 00:00:00','2017-10-08 00:00:00',170,4918,388,74518,20),(0,1,74519,'MICRO','2017-09-24 00:00:00','2017-09-24 00:00:00',170,4919,388,74519,170),(0,1,74520,'MICRO','2017-09-24 00:00:00','2017-09-24 00:00:00',170,4920,388,74520,170),(0,1,74521,'MICRO','2017-09-24 00:00:00','2017-09-24 00:00:00',170,4921,388,74521,170),(0,1,74522,'MICRO','2017-09-24 00:00:00','2017-09-24 00:00:00',170,4922,388,74522,170),(0,0,74523,'MICRO','2017-09-24 00:00:00',NULL,170,4923,388,74523,0),(0,1,74524,'MICRO','2017-09-24 00:00:00','2017-09-24 00:00:00',170,4924,388,74524,170),(0,1,74525,'MICRO','2017-09-24 00:00:00','2017-10-01 00:00:00',170,4929,388,74525,170),(0,0,74526,'MICRO','2017-09-24 00:00:00',NULL,170,4925,388,74526,0),(0,0,74527,'MICRO','2017-09-24 00:00:00','2017-10-08 00:00:00',170,4926,388,74527,20),(0,1,74528,'MICRO','2017-09-24 00:00:00','2017-09-24 00:00:00',170,4942,388,0,170),(0,1,74529,'MICRO','2017-09-24 00:00:00','2017-09-24 00:00:00',170,4940,388,0,170),(0,1,74530,'MICRO','2017-09-24 00:00:00','2017-09-24 00:00:00',170,4943,388,0,170),(0,1,74531,'TERCER TIEMPO','2017-10-01 00:00:00','2017-10-01 00:00:00',100,4941,389,74531,100),(0,1,74532,'TERCER TIEMPO','2017-10-01 00:00:00','2017-10-01 00:00:00',100,4937,389,74532,100),(0,1,74533,'TERCER TIEMPO','2017-10-01 00:00:00','2017-10-01 00:00:00',100,4888,389,74533,100),(0,1,74534,'TERCER TIEMPO','2017-10-01 00:00:00','2017-10-01 00:00:00',100,4927,389,74534,100),(0,1,74535,'TERCER TIEMPO','2017-10-01 00:00:00','2017-10-01 00:00:00',100,4890,389,74535,100),(0,1,74536,'TERCER TIEMPO','2017-10-01 00:00:00','2017-10-01 00:00:00',100,4891,389,74536,100),(0,1,74537,'TERCER TIEMPO','2017-10-01 00:00:00','2017-10-01 00:00:00',100,4892,389,74537,100),(0,1,74538,'TERCER TIEMPO','2017-10-01 00:00:00','2017-10-01 00:00:00',100,4894,389,74538,100),(0,1,74540,'TERCER TIEMPO','2017-10-01 00:00:00','2017-10-05 00:00:00',100,4896,389,74540,100),(0,1,74542,'TERCER TIEMPO','2017-10-01 00:00:00','2017-10-01 00:00:00',100,4898,389,74542,100),(0,1,74543,'TERCER TIEMPO','2017-10-01 00:00:00','2017-10-01 00:00:00',100,4899,389,74543,100),(0,1,74544,'TERCER TIEMPO','2017-10-01 00:00:00','2017-10-01 00:00:00',100,4900,389,74544,100),(0,0,74545,'TERCER TIEMPO','2017-10-01 00:00:00',NULL,100,4902,389,74545,0),(0,1,74547,'TERCER TIEMPO','2017-10-01 00:00:00','2017-10-01 00:00:00',100,4903,389,74547,100),(0,0,74549,'TERCER TIEMPO','2017-10-01 00:00:00',NULL,100,4905,389,74549,0),(0,1,74550,'TERCER TIEMPO','2017-10-01 00:00:00','2017-10-01 00:00:00',100,4906,389,74550,100),(0,1,74551,'TERCER TIEMPO','2017-10-01 00:00:00','2017-10-01 00:00:00',100,4907,389,74551,100),(0,1,74554,'TERCER TIEMPO','2017-10-01 00:00:00','2017-10-01 00:00:00',100,4909,389,74554,100),(0,1,74555,'TERCER TIEMPO','2017-10-01 00:00:00','2017-10-01 00:00:00',100,4910,389,74555,100),(0,1,74556,'TERCER TIEMPO','2017-10-01 00:00:00','2017-10-01 00:00:00',100,4911,389,74556,100),(0,1,74557,'TERCER TIEMPO','2017-10-01 00:00:00','2017-10-01 00:00:00',100,4912,389,74557,100),(0,1,74560,'TERCER TIEMPO','2017-10-01 00:00:00','2017-10-01 00:00:00',100,4914,389,74560,100),(0,1,74561,'TERCER TIEMPO','2017-10-01 00:00:00','2017-10-01 00:00:00',100,4915,389,74561,100),(0,1,74562,'TERCER TIEMPO','2017-10-01 00:00:00','2017-10-01 00:00:00',100,4928,389,74562,100),(0,1,74563,'TERCER TIEMPO','2017-10-01 00:00:00','2017-10-01 00:00:00',100,4916,389,74563,100),(0,1,74564,'TERCER TIEMPO','2017-10-01 00:00:00','2017-10-01 00:00:00',100,4917,389,74564,100),(0,1,74565,'TERCER TIEMPO','2017-10-01 00:00:00','2017-10-01 00:00:00',100,4918,389,74565,100),(0,0,74567,'TERCER TIEMPO','2017-10-01 00:00:00',NULL,100,4920,389,74567,0),(0,1,74569,'TERCER TIEMPO','2017-10-01 00:00:00','2017-10-01 00:00:00',100,4922,389,74569,100),(0,1,74571,'TERCER TIEMPO','2017-10-01 00:00:00','2017-10-01 00:00:00',100,4924,389,74571,100),(0,1,74572,'TERCER TIEMPO','2017-10-01 00:00:00','2017-10-01 00:00:00',100,4929,389,74572,100),(0,1,74573,'TERCER TIEMPO','2017-10-01 00:00:00','2017-10-01 00:00:00',100,4925,389,74573,100),(0,1,74574,'TERCER TIEMPO','2017-10-01 00:00:00','2017-10-01 00:00:00',100,4926,389,74574,100),(0,1,74576,'TERCER TIEMPO','2017-10-01 00:00:00','2017-10-01 00:00:00',100,4938,389,0,100),(0,1,74577,'TERCER TIEMPO','2017-10-01 00:00:00','2017-10-01 00:00:00',100,4944,389,0,100),(0,1,74578,'TERCER TIEMPO','2017-10-01 00:00:00','2017-10-01 00:00:00',100,4939,389,0,100),(0,1,74579,'TERCER TIEMPO','2017-10-01 00:00:00','2017-10-01 00:00:00',100,4945,389,0,100),(0,0,74580,'INSCRIPCION URBA','2017-03-01 00:00:00',NULL,160,4937,368,0,0),(0,1,74587,'MICRO','2017-10-08 00:00:00','2017-10-30 00:00:00',180,4941,390,74587,180),(0,1,74588,'MICRO','2017-10-08 00:00:00','2017-10-08 00:00:00',180,4937,390,74588,180),(0,1,74589,'MICRO','2017-10-08 00:00:00','2017-10-08 00:00:00',180,4888,390,74589,180),(0,1,74590,'MICRO','2017-10-08 00:00:00','2017-10-08 00:00:00',180,4927,390,74590,180),(0,1,74591,'MICRO','2017-10-08 00:00:00','2017-10-08 00:00:00',180,4890,390,74591,180),(0,1,74592,'MICRO','2017-10-08 00:00:00','2017-10-08 00:00:00',180,4891,390,74592,180),(0,1,74593,'MICRO','2017-10-08 00:00:00','2017-10-08 00:00:00',180,4892,390,74593,180),(0,0,74594,'MICRO','2017-10-08 00:00:00',NULL,180,4894,390,74594,0),(0,0,74595,'MICRO','2017-10-08 00:00:00',NULL,180,4895,390,74595,0),(0,1,74596,'MICRO','2017-10-08 00:00:00','2017-10-05 00:00:00',180,4896,390,74596,180),(0,1,74597,'MICRO','2017-10-08 00:00:00','2017-10-08 00:00:00',180,4897,390,74597,180),(0,1,74598,'MICRO','2017-10-08 00:00:00','2017-10-08 00:00:00',180,4898,390,74598,180),(0,1,74599,'MICRO','2017-10-08 00:00:00','2017-10-08 00:00:00',180,4899,390,74599,180),(0,1,74600,'MICRO','2017-10-08 00:00:00','2017-10-08 00:00:00',180,4900,390,74600,180),(0,1,74601,'MICRO','2017-10-08 00:00:00','2017-10-08 00:00:00',180,4902,390,74601,180),(0,1,74603,'MICRO','2017-10-08 00:00:00','2017-10-08 00:00:00',180,4903,390,74603,180),(0,1,74604,'MICRO','2017-10-08 00:00:00','2017-10-08 00:00:00',180,4905,390,74604,180),(0,1,74605,'MICRO','2017-10-08 00:00:00','2017-10-08 00:00:00',180,4906,390,74605,180),(0,1,74606,'MICRO','2017-10-08 00:00:00','2017-10-08 00:00:00',180,4907,390,74606,180),(0,0,74608,'MICRO','2017-10-08 00:00:00',NULL,180,4908,390,74608,0),(0,1,74609,'MICRO','2017-10-08 00:00:00','2017-10-08 00:00:00',180,4909,390,74609,180),(0,1,74610,'MICRO','2017-10-08 00:00:00','2017-10-08 00:00:00',180,4910,390,74610,180),(0,1,74611,'MICRO','2017-10-08 00:00:00','2017-10-08 00:00:00',180,4911,390,74611,180),(0,1,74612,'MICRO','2017-10-08 00:00:00','2017-10-08 00:00:00',180,4912,390,74612,180),(0,1,74615,'MICRO','2017-10-08 00:00:00','2017-10-08 00:00:00',180,4914,390,74615,180),(0,1,74616,'MICRO','2017-10-08 00:00:00','2017-10-08 00:00:00',180,4915,390,74616,180),(0,1,74617,'MICRO','2017-10-08 00:00:00','2017-10-08 00:00:00',180,4928,390,74617,180),(0,1,74618,'MICRO','2017-10-08 00:00:00','2017-10-04 00:00:00',180,4916,390,74618,180),(0,1,74619,'MICRO','2017-10-08 00:00:00','2017-10-08 00:00:00',180,4917,390,74619,180),(0,1,74620,'MICRO','2017-10-08 00:00:00','2017-10-08 00:00:00',180,4918,390,74620,180),(0,0,74621,'MICRO','2017-10-08 00:00:00',NULL,180,4919,390,74621,0),(0,1,74622,'MICRO','2017-10-08 00:00:00','2017-10-30 00:00:00',180,4920,390,74622,180),(0,1,74623,'MICRO','2017-10-08 00:00:00','2017-11-06 00:00:00',180,4921,390,74623,180),(0,1,74624,'MICRO','2017-10-08 00:00:00','2017-10-08 00:00:00',180,4922,390,74624,180),(0,1,74625,'MICRO','2017-10-08 00:00:00','2017-10-08 00:00:00',180,4923,390,74625,180),(0,1,74626,'MICRO','2017-10-08 00:00:00','2017-10-30 00:00:00',180,4924,390,74626,180),(0,1,74627,'MICRO','2017-10-08 00:00:00','2017-10-10 00:00:00',180,4929,390,74627,180),(0,0,74628,'MICRO','2017-10-08 00:00:00',NULL,180,4925,390,74628,0),(0,1,74629,'MICRO','2017-10-08 00:00:00','2017-10-08 00:00:00',180,4926,390,74629,180),(0,0,74630,'INSCRIPCION URBA','2017-03-01 00:00:00',NULL,160,4946,368,0,0),(0,0,74631,'TERCER TIEMPO','2017-11-05 00:00:00',NULL,100,4941,391,74631,0),(0,0,74632,'TERCER TIEMPO','2017-11-05 00:00:00',NULL,100,4937,391,74632,0),(0,1,74633,'TERCER TIEMPO','2017-11-05 00:00:00','2017-11-06 00:00:00',100,4946,391,74633,100),(0,1,74634,'TERCER TIEMPO','2017-11-05 00:00:00','2017-11-06 00:00:00',100,4888,391,74634,100),(0,1,74635,'TERCER TIEMPO','2017-11-05 00:00:00','2017-11-06 00:00:00',100,4927,391,74635,100),(0,1,74636,'TERCER TIEMPO','2017-11-05 00:00:00','2017-11-06 00:00:00',100,4890,391,74636,100),(0,1,74637,'TERCER TIEMPO','2017-11-05 00:00:00','2017-11-06 00:00:00',100,4891,391,74637,100),(0,1,74638,'TERCER TIEMPO','2017-11-05 00:00:00','2017-11-06 00:00:00',100,4892,391,74638,100),(0,0,74639,'TERCER TIEMPO','2017-11-05 00:00:00',NULL,100,4894,391,74639,0),(0,0,74641,'TERCER TIEMPO','2017-11-05 00:00:00',NULL,100,4896,391,74641,0),(0,1,74642,'TERCER TIEMPO','2017-11-05 00:00:00','2017-11-06 00:00:00',100,4897,391,74642,100),(0,1,74644,'TERCER TIEMPO','2017-11-05 00:00:00','2017-11-06 00:00:00',100,4899,391,74644,100),(0,1,74645,'TERCER TIEMPO','2017-11-05 00:00:00','2017-11-06 00:00:00',100,4900,391,74645,100),(0,1,74648,'TERCER TIEMPO','2017-11-05 00:00:00','2017-11-06 00:00:00',100,4903,391,74648,100),(0,1,74649,'TERCER TIEMPO','2017-11-05 00:00:00','2017-11-06 00:00:00',100,4905,391,74649,100),(0,1,74650,'TERCER TIEMPO','2017-11-05 00:00:00','2017-11-06 00:00:00',100,4906,391,74650,100),(0,0,74651,'TERCER TIEMPO','2017-11-05 00:00:00',NULL,100,4907,391,74651,0),(0,1,74653,'TERCER TIEMPO','2017-11-05 00:00:00','2017-11-06 00:00:00',100,4908,391,74653,100),(0,1,74654,'TERCER TIEMPO','2017-11-05 00:00:00','2017-11-06 00:00:00',100,4909,391,74654,100),(0,1,74655,'TERCER TIEMPO','2017-11-05 00:00:00','2017-11-06 00:00:00',100,4910,391,74655,100),(0,1,74656,'TERCER TIEMPO','2017-11-05 00:00:00','2017-11-06 00:00:00',100,4911,391,74656,100),(0,1,74657,'TERCER TIEMPO','2017-11-05 00:00:00','2017-11-06 00:00:00',100,4912,391,74657,100),(0,1,74660,'TERCER TIEMPO','2017-11-05 00:00:00','2017-11-06 00:00:00',100,4914,391,74660,100),(0,1,74661,'TERCER TIEMPO','2017-11-05 00:00:00','2017-11-06 00:00:00',100,4915,391,74661,100),(0,1,74662,'TERCER TIEMPO','2017-11-05 00:00:00','2017-11-06 00:00:00',100,4928,391,74662,100),(0,1,74663,'TERCER TIEMPO','2017-11-05 00:00:00','2017-11-06 00:00:00',100,4916,391,74663,100),(0,1,74664,'TERCER TIEMPO','2017-11-05 00:00:00','2017-11-06 00:00:00',100,4917,391,74664,100),(0,1,74665,'TERCER TIEMPO','2017-11-05 00:00:00','2017-11-06 00:00:00',100,4918,391,74665,100),(0,1,74666,'TERCER TIEMPO','2017-11-05 00:00:00','2017-11-06 00:00:00',100,4919,391,74666,100),(0,1,74667,'TERCER TIEMPO','2017-11-05 00:00:00','2017-11-06 00:00:00',100,4920,391,74667,100),(0,1,74668,'TERCER TIEMPO','2017-11-05 00:00:00','2017-11-06 00:00:00',100,4921,391,74668,100),(0,1,74669,'TERCER TIEMPO','2017-11-05 00:00:00','2017-11-06 00:00:00',100,4922,391,74669,100),(0,1,74670,'TERCER TIEMPO','2017-11-05 00:00:00','2017-11-06 00:00:00',100,4923,391,74670,100),(0,1,74671,'TERCER TIEMPO','2017-11-05 00:00:00','2017-11-06 00:00:00',100,4924,391,74671,100),(0,1,74672,'TERCER TIEMPO','2017-11-05 00:00:00','2017-11-06 00:00:00',100,4929,391,74672,100),(0,0,74673,'TERCER TIEMPO','2017-11-05 00:00:00',NULL,100,4925,391,74673,0),(0,1,74674,'TERCER TIEMPO','2017-11-05 00:00:00','2017-11-06 00:00:00',100,4926,391,74674,100),(0,0,74676,'DULCES DE LECHE','2018-02-08 00:00:00',NULL,200,4931,395,0,0);

/*Table structure for table `cursos` */

DROP TABLE IF EXISTS `cursos`;

CREATE TABLE `cursos` (
  `CODIGO` int(11) NOT NULL DEFAULT '0',
  `NOMBRE` varchar(40) DEFAULT NULL,
  PRIMARY KEY (`CODIGO`)
) ENGINE=InnoDB DEFAULT CHARSET=latin1;

/*Data for the table `cursos` */

insert  into `cursos`(`CODIGO`,`NOMBRE`) values (1,'RUGBY JUVENIL M16(2002)');

/*Table structure for table `escuelas` */

DROP TABLE IF EXISTS `escuelas`;

CREATE TABLE `escuelas` (
  `CODIGO` int(11) NOT NULL DEFAULT '0',
  `NOMBRE` varchar(40) DEFAULT NULL,
  PRIMARY KEY (`CODIGO`)
) ENGINE=InnoDB DEFAULT CHARSET=latin1;

/*Data for the table `escuelas` */

insert  into `escuelas`(`CODIGO`,`NOMBRE`) values (1,'VICENTINOS');

/*Table structure for table `legajos` */

DROP TABLE IF EXISTS `legajos`;

CREATE TABLE `legajos` (
  `AINGRESAR` double DEFAULT '0',
  `ANO` int(11) DEFAULT '0',
  `BAJA` varchar(20) DEFAULT NULL,
  `CODIGO` int(11) NOT NULL DEFAULT '0',
  `CUOTA_1` double DEFAULT '0',
  `CUOTA_2` double DEFAULT '0',
  `CUOTA_3` double DEFAULT '0',
  `CURSO` int(11) DEFAULT '0',
  `DEREXA` double DEFAULT '0',
  `DIVISION` varchar(1) DEFAULT NULL,
  `ESCUELA` int(11) DEFAULT '0',
  `LEGAJO_ESCOLAR` varchar(10) DEFAULT NULL,
  `NOMBRE` varchar(40) DEFAULT NULL,
  `TURNO` int(11) DEFAULT '0',
  `EMAIL` varchar(50) DEFAULT NULL,
  PRIMARY KEY (`CODIGO`)
) ENGINE=InnoDB DEFAULT CHARSET=latin1;

/*Data for the table `legajos` */

insert  into `legajos`(`AINGRESAR`,`ANO`,`BAJA`,`CODIGO`,`CUOTA_1`,`CUOTA_2`,`CUOTA_3`,`CURSO`,`DEREXA`,`DIVISION`,`ESCUELA`,`LEGAJO_ESCOLAR`,`NOMBRE`,`TURNO`,`EMAIL`) values (0,1,'20170927',4887,NULL,NULL,NULL,1,NULL,'1',1,'MELLI','ACEVEDO LUCAS',3,NULL),(0,1,NULL,4888,NULL,NULL,NULL,1,NULL,'1',1,'BATI','AGUIRRE FACUNDO',3,NULL),(0,1,'30/06/2017',4889,NULL,NULL,NULL,1,NULL,'1',1,'DYLAN','ALVAREZ LUONGO DYLAN',3,NULL),(0,1,NULL,4890,NULL,NULL,NULL,1,0,'1',1,'SHAWER','AYALA MARCOS',3,'deniseethel@hotmail.com'),(0,1,NULL,4891,NULL,NULL,NULL,1,NULL,'1',1,'LOLY','BENITEZ RICARDO',3,NULL),(0,1,NULL,4892,NULL,NULL,NULL,1,0,'1',1,'B','BIANCHI TOMAS',3,'fabianangel1963@hormail.com'),(0,1,NULL,4894,NULL,NULL,NULL,1,50,'1',1,'TINCHO','BLANCO MARTIN',3,'tincho02m15@gmail.com'),(0,1,NULL,4895,NULL,NULL,NULL,1,0,'1',1,'JOSHUA','BRACAMONTE JOSHUA',3,'lbjsp@hotmail.com'),(0,1,NULL,4896,NULL,NULL,NULL,1,NULL,'1',1,'LAU','BRISCIA LAUTARO',3,'fliabriscia@hotmail.com'),(0,1,NULL,4897,NULL,NULL,NULL,1,0,'1',1,'LEAN','BUSTOS LEANDRO',3,'vanesa_zalaya2698@hotmail.com.ar'),(0,1,NULL,4898,NULL,NULL,NULL,1,0,'1',1,'CANO','CANOVA FABRICIO',3,'fnbatalla@gmail.com'),(0,1,NULL,4899,NULL,NULL,NULL,1,NULL,'1',1,'FEDE','CARINI VERA FEDERICO',3,'msole.vera@hotmail.com'),(0,1,NULL,4900,NULL,NULL,NULL,1,NULL,'1',1,'YIYO','CRUCES RODRIGO',3,NULL),(0,1,'30/06/2017',4901,NULL,NULL,NULL,1,NULL,'1',1,'MOLE','DIAS FRANCO',3,NULL),(0,1,NULL,4902,NULL,NULL,NULL,1,0,'1',1,'ELI','GARCIA ELIAS',3,'barbarariquelme900@gmail.com'),(0,1,NULL,4903,NULL,NULL,NULL,1,0,'1',1,'GONZA','GOMEZ ARRUA GONZALO',3,'vir.arrua@gmail.com'),(0,1,'20121001',4904,NULL,NULL,NULL,1,NULL,'1',1,'FRANCO','GOMEZ FRANCO',3,NULL),(0,1,NULL,4905,NULL,NULL,NULL,1,NULL,'1',1,'MATEO','GRISMADO MATEO',3,NULL),(0,1,NULL,4906,NULL,NULL,NULL,1,NULL,'1',1,'TOMI','INSAURRALDE TOMAS',3,'majopintos76@gmail.com'),(0,1,NULL,4907,NULL,NULL,NULL,1,NULL,'1',1,'EDUARD','JURICKA JUAN PEDRO',3,'juanjo.juricka@gmail.com'),(0,1,NULL,4908,NULL,NULL,NULL,1,0,'1',1,'TENAZAS','LOPEZ FACUNDO',3,'eduardohoraciolopez@hotmail.com'),(0,1,NULL,4909,NULL,NULL,NULL,1,NULL,'1',1,'NICOL','LOZANO NICOLAS',3,'marcelabustelo@yahoo.com.ar'),(0,1,NULL,4910,NULL,NULL,NULL,1,NULL,'1',1,'APOLO','MARTINEZ FACUNDO',3,'gym_marce_90@hotmail.com'),(0,1,NULL,4911,NULL,NULL,NULL,1,NULL,'1',1,'LUCA','MICHETTI LUCA',3,'carlaan2010@hotmail.com'),(0,1,NULL,4912,NULL,NULL,NULL,1,0,'1',1,'POMPE','MIGUELES JOAQUIN',3,'juaquinmiguelez5@gmail.com'),(0,1,'05/02/2018',4913,NULL,NULL,NULL,1,NULL,'1',1,'TITI','OLMOS GUIDO',3,NULL),(0,1,NULL,4914,NULL,NULL,NULL,1,NULL,'1',1,'LOLO','ORTEGA JUAN PABLO',3,'pabloortega609@hotmail.com'),(0,1,NULL,4915,NULL,NULL,NULL,1,0,'1',1,'GALLE','PAEZ JULIAN',3,'paosmbcanju@hotmail.com'),(0,1,NULL,4916,NULL,NULL,NULL,1,NULL,'1',1,'IAN','PAROLA TORRES IAN LUCA',3,'v.noemi.torres@gmail.com'),(0,1,NULL,4917,NULL,NULL,NULL,1,0,'1',1,'COLO','POBLETI LAUTARO',3,'chechocpobleti@outlook.es'),(0,1,NULL,4918,NULL,NULL,NULL,1,NULL,'1',1,'CARLITOS','PONCE DE LEON LAUTARO',3,'lorenabrizuela2011@hotmail.com'),(0,1,NULL,4919,NULL,NULL,NULL,1,50,'1',1,'COCO','QUIONES ELIAS',3,'santiagofernandez_82@hotmail.com'),(0,1,NULL,4920,NULL,NULL,NULL,1,NULL,'1',1,'GORTI','RAMIREZ BRIAN',3,NULL),(0,1,NULL,4921,NULL,NULL,NULL,1,0,'1',1,'JAVI','RODRIGUEZ JAVIER',3,'ariel130176@hotmail.com'),(0,1,NULL,4922,NULL,NULL,NULL,1,NULL,'1',1,'RAMA','SANABRIA RAMIRO',3,'sandrivigo2012@gmail.com'),(0,1,NULL,4923,NULL,NULL,NULL,1,NULL,'1',1,'IVO','SCHMIDTH IVO',3,NULL),(0,1,NULL,4924,NULL,NULL,NULL,1,NULL,'1',1,'NICO','SORIA NICOLAS',3,NULL),(0,1,NULL,4925,NULL,NULL,NULL,1,50,'1',1,'MONO','TORRES FRANCO',3,'martinezviviana17@gmail.com'),(0,1,NULL,4926,NULL,NULL,NULL,1,NULL,'1',1,'CHICHA','VALLEJOS FRANCO',3,'rosanatapiadevallejos@gmail.com'),(0,1,NULL,4927,NULL,NULL,NULL,1,NULL,'1',1,'LUCAS','ALEGRE LUCAS',3,'cristianrafaelalegre@outlook.es'),(0,1,NULL,4928,0,0,0,1,0,'1',1,'PABLO','PAROLA PABLO',3,'p.parola@gmail.com'),(0,1,NULL,4929,0,0,0,1,0,'1',1,'PATO','TEVEZ LUCAS',3,'selene_78_2012@hotmail.com'),(0,1,'08/02/2018',4930,0,0,0,1,0,'1',1,'ARIEL','LEAL ARIEL',3,'no@no.com'),(0,1,'08/02/2018',4931,0,0,0,1,0,'1',1,'ARAMIS','MUOZ ARAMIS',3,'p_parola@yahoo.com'),(0,1,'08/02/2018',4932,0,0,0,1,0,'1',1,'KEVIN','GIGENA KEVIN',3,'p.parola@gmail.com'),(0,0,'10/11/2017',4935,0,0,0,1,0,NULL,1,'TIAGO14','CORDOBA TIAGO',0,NULL),(0,0,'10/09/2017',4936,0,0,0,1,0,NULL,1,'AMARILLO14','TURKOSKY JUAN MARTIN',0,NULL),(0,0,NULL,4937,0,0,0,1,0,NULL,1,'BRUNO','CASARINI BRUNO',0,'mariamonicaborge@gmail.com'),(0,0,'20170925',4938,0,0,0,1,0,NULL,1,'MATI','COMPANYS MATIAS',0,NULL),(0,0,'20170925',4939,0,0,0,1,0,NULL,1,'MICHE','FEDE MICHELLI',0,NULL),(0,0,'20170925',4940,0,0,0,1,0,NULL,1,'PACHI','CORSI PACHI',0,NULL),(0,0,NULL,4941,0,0,0,1,0,NULL,1,'CHAPON','BROLA EMILIANO LEONEL',0,NULL),(0,0,'20170924',4942,0,0,0,1,0,NULL,1,'MIGUEL','MIGUEL SORIA',0,NULL),(0,0,'20170924',4943,0,0,0,1,0,NULL,1,'IAN14','MARTINEZ OLIVER IAN',0,NULL),(0,0,'20171002',4944,0,0,0,1,0,NULL,1,'RIOS','RIOS JOAQUIN',0,NULL),(0,0,'20171002',4945,0,0,0,1,0,NULL,1,'PUMA14','BEA AGUSTIN',0,NULL),(0,0,NULL,4946,0,0,0,1,0,NULL,1,'PAULO','GALLARDO PAULO',0,NULL),(0,0,NULL,4960,0,0,0,1,0,NULL,0,'TUCU','HAEL EMIR',0,NULL);

/*Table structure for table `liquidaciones` */

DROP TABLE IF EXISTS `liquidaciones`;

CREATE TABLE `liquidaciones` (
  `CODIGO` int(11) NOT NULL DEFAULT '0',
  `CONCEPTO` int(11) DEFAULT '0',
  `ESCUELA` int(11) DEFAULT '0',
  `SUMA_FIJA_1` double DEFAULT '0',
  `VENCIMIENTO_1` datetime DEFAULT NULL,
  PRIMARY KEY (`CODIGO`)
) ENGINE=InnoDB DEFAULT CHARSET=latin1;

/*Data for the table `liquidaciones` */

insert  into `liquidaciones`(`CODIGO`,`CONCEPTO`,`ESCUELA`,`SUMA_FIJA_1`,`VENCIMIENTO_1`) values (360,2,1,170,'2017-08-06 00:00:00'),(362,4,1,900,'2017-06-01 00:00:00'),(363,5,1,900,'2017-07-01 00:00:00'),(364,6,1,900,'2017-08-01 00:00:00'),(365,7,1,900,'2017-09-01 00:00:00'),(366,8,1,900,'2017-10-01 00:00:00'),(367,9,1,500,'2017-11-01 00:00:00'),(368,10,1,160,'2017-03-01 00:00:00'),(369,2,1,140,'2017-04-07 00:00:00'),(370,11,1,50,'2017-05-26 00:00:00'),(371,1,1,100,'2017-06-01 00:00:00'),(372,1,1,100,'2017-04-30 00:00:00'),(373,2,1,150,'2017-05-07 00:00:00'),(374,1,1,100,'2017-05-07 00:00:00'),(375,2,1,150,'2017-05-14 00:00:00'),(376,1,1,100,'2017-07-09 00:00:00'),(377,1,1,100,'2017-06-25 00:00:00'),(378,1,1,100,'2017-08-20 00:00:00'),(385,1,1,100,'2017-09-03 00:00:00'),(386,2,1,200,'2017-09-10 00:00:00'),(387,1,1,100,'2017-09-17 00:00:00'),(388,2,1,170,'2017-09-24 00:00:00'),(389,1,1,100,'2017-10-01 00:00:00'),(390,2,1,180,'2017-10-08 00:00:00'),(391,1,1,100,'2017-11-05 00:00:00'),(393,2,1,0,'2018-02-08 00:00:00'),(394,2,1,0,'2018-02-08 00:00:00'),(395,3,1,0,'2018-02-08 00:00:00'),(396,4,1,0,'2018-02-08 00:00:00');

/*Table structure for table `migrations` */

DROP TABLE IF EXISTS `migrations`;

CREATE TABLE `migrations` (
  `id` int(10) unsigned NOT NULL AUTO_INCREMENT,
  `migration` varchar(255) COLLATE utf8mb4_unicode_ci NOT NULL,
  `batch` int(11) NOT NULL,
  PRIMARY KEY (`id`)
) ENGINE=InnoDB AUTO_INCREMENT=3 DEFAULT CHARSET=utf8mb4 COLLATE=utf8mb4_unicode_ci;

/*Data for the table `migrations` */

insert  into `migrations`(`id`,`migration`,`batch`) values (1,'2014_10_12_000000_create_users_table',1),(2,'2014_10_12_100000_create_password_resets_table',1);

/*Table structure for table `pagos` */

DROP TABLE IF EXISTS `pagos`;

CREATE TABLE `pagos` (
  `CODIGO` int(11) NOT NULL DEFAULT '0',
  `CONCEPTO` varchar(40) DEFAULT NULL,
  `CUOTA` int(11) DEFAULT '0',
  `FECHA` datetime DEFAULT NULL,
  `IMPORTE` double DEFAULT '0',
  `USUARIO` int(11) DEFAULT NULL,
  PRIMARY KEY (`CODIGO`)
) ENGINE=InnoDB DEFAULT CHARSET=latin1;

/*Data for the table `pagos` */

insert  into `pagos`(`CODIGO`,`CONCEPTO`,`CUOTA`,`FECHA`,`IMPORTE`,`USUARIO`) values (48297,'PAGO A CUENTA',73479,'2017-08-17 00:00:00',170,1),(48298,'PAGO A CUENTA',73500,'2017-08-17 00:00:00',170,1),(48299,'PAGO A CUENTA',73484,'2017-08-17 00:00:00',170,1),(48300,'PAGO A CUENTA',73494,'2017-08-17 00:00:00',170,1),(48301,'PAGO A CUENTA',73487,'2017-08-17 00:00:00',170,1),(48302,'PAGO A CUENTA',73488,'2017-08-17 00:00:00',170,1),(48303,'PAGO A CUENTA',73498,'2017-08-17 00:00:00',170,1),(48304,'PAGO A CUENTA',73496,'2017-08-17 00:00:00',170,1),(48305,'PAGO A CUENTA',73489,'2017-08-17 00:00:00',170,1),(48306,'PAGO A CUENTA',73495,'2017-08-17 00:00:00',170,1),(48307,'PAGO A CUENTA',1,'2017-08-17 00:00:00',170,1),(48308,'PAGO A CUENTA',73490,'2017-08-17 00:00:00',170,1),(48309,'PAGO A CUENTA',73468,'2017-08-17 00:00:00',170,1),(48310,'PAGO A CUENTA',73491,'2017-08-17 00:00:00',170,1),(48311,'PAGO A CUENTA',2,'2017-08-17 00:00:00',170,1),(48312,'PAGO A CUENTA',73497,'2017-08-17 00:00:00',170,1),(48313,'PAGO A CUENTA',73477,'2017-08-17 00:00:00',170,1),(48314,'PAGO A CUENTA',73471,'2017-08-17 00:00:00',170,1),(48315,'PAGO A CUENTA',73473,'2017-08-17 00:00:00',170,1),(48316,'PAGO A CUENTA',73481,'2017-08-17 00:00:00',170,1),(48317,'PAGO A CUENTA',73467,'2017-08-17 00:00:00',170,1),(48318,'PAGO A CUENTA',73485,'2017-08-17 00:00:00',170,1),(48319,'PAGO A CUENTA',73464,'2017-08-17 00:00:00',170,1),(48320,'PAGO A CUENTA',73482,'2017-08-17 00:00:00',170,1),(48321,'PAGO A CUENTA',73493,'2017-08-17 00:00:00',170,1),(48322,'PAGO A CUENTA',73492,'2017-08-17 00:00:00',170,1),(48323,'PAGO A CUENTA',73475,'2017-08-17 00:00:00',170,1),(48324,'PAGO A CUENTA',73483,'2017-08-17 00:00:00',170,1),(48325,'PAGO A CUENTA',73466,'2017-08-17 00:00:00',170,1),(48326,'PAGO A CUENTA',73501,'2017-08-17 00:00:00',170,1),(48327,'PAGO A CUENTA',73486,'2017-08-17 00:00:00',170,1),(48328,'PAGO A CUENTA',73474,'2017-08-17 00:00:00',170,1),(48335,'PAGO A CUENTA',73797,'2017-08-17 00:00:00',160,1),(48354,'PAGO A CUENTA',73860,'2017-08-17 00:00:00',140,1),(48355,'PAGO A CUENTA',73817,'2017-05-18 00:00:00',160,1),(48356,'PAGO A CUENTA',73904,'2017-05-26 00:00:00',50,1),(48357,'PAGO A CUENTA',73886,'2017-05-26 00:00:00',50,1),(48358,'PAGO A CUENTA',73898,'2017-05-26 00:00:00',50,1),(48359,'PAGO A CUENTA',73876,'2017-05-26 00:00:00',50,1),(48360,'PAGO A CUENTA',73892,'2017-05-26 00:00:00',50,1),(48361,'PAGO A CUENTA',73910,'2017-05-26 00:00:00',50,1),(48362,'PAGO A CUENTA',73905,'2017-05-26 00:00:00',50,1),(48363,'PAGO A CUENTA',73883,'2017-05-26 00:00:00',50,1),(48364,'PAGO A CUENTA',73907,'2017-05-26 00:00:00',50,1),(48365,'PAGO A CUENTA',73878,'2017-05-26 00:00:00',50,1),(48366,'PAGO A CUENTA',73908,'2017-05-26 00:00:00',50,1),(48367,'PAGO A CUENTA',73871,'2017-05-26 00:00:00',50,1),(48368,'PAGO A CUENTA',73887,'2017-05-26 00:00:00',50,1),(48369,'PAGO A CUENTA',73895,'2017-05-26 00:00:00',50,1),(48370,'PAGO A CUENTA',73899,'2017-05-26 00:00:00',50,1),(48371,'PAGO A CUENTA',73881,'2017-05-26 00:00:00',50,1),(48372,'PAGO A CUENTA',73877,'2017-05-26 00:00:00',50,1),(48373,'PAGO A CUENTA',73909,'2017-05-26 00:00:00',50,1),(48374,'PAGO A CUENTA',73882,'2017-05-26 00:00:00',50,1),(48375,'PAGO A CUENTA',73875,'2017-05-26 00:00:00',50,1),(48376,'PAGO A CUENTA',73884,'2017-05-26 00:00:00',50,1),(48377,'PAGO A CUENTA',73890,'2017-05-26 00:00:00',50,1),(48378,'PAGO A CUENTA',73891,'2017-05-26 00:00:00',50,1),(48379,'PAGO A CUENTA',73896,'2017-05-26 00:00:00',50,1),(48380,'PAGO A CUENTA',73902,'2017-05-26 00:00:00',50,1),(48381,'PAGO A CUENTA',73903,'2017-05-26 00:00:00',50,1),(48382,'PAGO A CUENTA',73906,'2017-05-26 00:00:00',50,1),(48383,'PAGO A CUENTA',73911,'2017-05-26 00:00:00',50,1),(48384,'PAGO A CUENTA',73924,'2017-06-01 00:00:00',100,1),(48385,'PAGO A CUENTA',73925,'2017-06-04 00:00:00',100,1),(48386,'PAGO A CUENTA',73917,'2017-06-04 00:00:00',100,1),(48387,'PAGO A CUENTA',73931,'2017-06-04 00:00:00',100,1),(48388,'PAGO A CUENTA',73944,'2017-06-04 00:00:00',100,1),(48389,'PAGO A CUENTA',73880,'2017-06-04 00:00:00',50,1),(48390,'PAGO A CUENTA',73935,'2017-06-04 00:00:00',100,1),(48391,'PAGO A CUENTA',73943,'2017-06-04 00:00:00',100,1),(48392,'PAGO A CUENTA',73950,'2017-04-06 00:00:00',100,1),(48393,'PAGO A CUENTA',73916,'2017-04-06 00:00:00',100,1),(48394,'PAGO A CUENTA',73927,'2017-06-04 00:00:00',100,1),(48395,'PAGO A CUENTA',73937,'2017-06-04 00:00:00',100,1),(48396,'PAGO A CUENTA',73942,'2017-06-04 00:00:00',100,1),(48397,'PAGO A CUENTA',73934,'2017-06-04 00:00:00',100,1),(48398,'PAGO A CUENTA',73913,'2017-06-04 00:00:00',100,1),(48399,'PAGO A CUENTA',73932,'2017-06-04 00:00:00',100,1),(48400,'PAGO A CUENTA',73933,'2017-06-04 00:00:00',100,1),(48401,'PAGO A CUENTA',73819,'2017-04-07 00:00:00',160,1),(48402,'PAGO A CUENTA',73794,'2017-04-07 00:00:00',160,1),(48403,'PAGO A CUENTA',73823,'2017-04-07 00:00:00',160,1),(48404,'PAGO A CUENTA',73801,'2017-04-07 00:00:00',160,1),(48405,'PAGO A CUENTA',73793,'2017-07-04 00:00:00',160,1),(48406,'PAGO A CUENTA',73842,'2017-04-09 00:00:00',140,1),(48407,'PAGO A CUENTA',73849,'2017-04-09 00:00:00',140,1),(48408,'PAGO A CUENTA',73852,'2017-04-09 00:00:00',140,1),(48409,'PAGO A CUENTA',73839,'2017-04-09 00:00:00',140,1),(48410,'PAGO A CUENTA',73798,'2017-04-09 00:00:00',160,1),(48411,'PAGO A CUENTA',73855,'2017-04-09 00:00:00',140,1),(48412,'PAGO A CUENTA',73864,'2017-04-09 00:00:00',140,1),(48413,'PAGO A CUENTA',11,'2017-04-09 00:00:00',140,1),(48414,'PAGO A CUENTA',73858,'2017-04-09 00:00:00',140,1),(48415,'PAGO A CUENTA',73851,'2017-04-07 00:00:00',140,1),(48416,'PAGO A CUENTA',73800,'2017-04-07 00:00:00',160,1),(48417,'PAGO A CUENTA',73844,'2017-04-07 00:00:00',140,1),(48418,'PAGO A CUENTA',73827,'2017-04-07 00:00:00',160,1),(48419,'PAGO A CUENTA',73805,'2017-11-07 00:00:00',160,1),(48420,'PAGO A CUENTA',73830,'2017-04-07 00:00:00',140,1),(48421,'PAGO A CUENTA',73831,'2017-04-07 00:00:00',140,1),(48422,'PAGO A CUENTA',73802,'2017-04-07 00:00:00',160,1),(48423,'PAGO A CUENTA',73825,'2017-04-11 00:00:00',160,1),(48424,'PAGO A CUENTA',73972,'2017-04-30 00:00:00',100,1),(48425,'PAGO A CUENTA',73969,'2017-04-30 00:00:00',100,1),(48426,'PAGO A CUENTA',73967,'2017-04-30 00:00:00',100,1),(48427,'PAGO A CUENTA',73981,'2017-04-30 00:00:00',100,1),(48428,'PAGO A CUENTA',73974,'2017-04-30 00:00:00',100,1),(48429,'PAGO A CUENTA',73985,'2017-04-30 00:00:00',100,1),(48430,'PAGO A CUENTA',73976,'2017-04-30 00:00:00',100,1),(48431,'PAGO A CUENTA',73812,'2017-04-13 00:00:00',160,1),(48432,'PAGO A CUENTA',73821,'2017-04-13 00:00:00',160,1),(48433,'PAGO A CUENTA',73795,'2017-04-13 00:00:00',160,1),(48434,'PAGO A CUENTA',73809,'2017-04-18 00:00:00',160,1),(48435,'PAGO A CUENTA',73820,'2017-04-18 00:00:00',160,1),(48436,'PAGO A CUENTA',73816,'2017-04-22 00:00:00',160,1),(48437,'PAGO A CUENTA',73804,'2017-04-22 00:00:00',160,1),(48438,'PAGO A CUENTA',73789,'2017-04-22 00:00:00',160,1),(48439,'PAGO A CUENTA',73814,'2017-04-22 00:00:00',160,1),(48440,'PAGO A CUENTA',73957,'2017-04-27 00:00:00',100,1),(48441,'PAGO A CUENTA',73990,'2017-04-27 00:00:00',100,1),(48442,'PAGO A CUENTA',73953,'2017-04-27 00:00:00',100,1),(48443,'PAGO A CUENTA',73810,'2017-04-27 00:00:00',160,1),(48444,'PAGO A CUENTA',73966,'2017-04-27 00:00:00',100,1),(48445,'PAGO A CUENTA',73975,'2017-04-27 00:00:00',100,1),(48446,'PAGO A CUENTA',73965,'2017-04-27 00:00:00',100,1),(48447,'PAGO A CUENTA',73954,'2017-04-27 00:00:00',100,1),(48448,'PAGO A CUENTA',73958,'2017-04-27 00:00:00',100,1),(48449,'PAGO A CUENTA',73991,'2017-04-28 00:00:00',100,1),(48450,'PAGO A CUENTA',73968,'2017-04-28 00:00:00',100,1),(48451,'PAGO A CUENTA',73973,'2017-04-28 00:00:00',100,1),(48452,'PAGO A CUENTA',73989,'2017-04-28 00:00:00',100,1),(48453,'PAGO A CUENTA',73964,'2017-04-28 00:00:00',100,1),(48454,'PAGO A CUENTA',73959,'2017-04-28 00:00:00',100,1),(48455,'PAGO A CUENTA',73984,'2017-04-30 00:00:00',100,1),(48456,'PAGO A CUENTA',73928,'2017-04-28 00:00:00',100,1),(48457,'PAGO A CUENTA',73962,'2017-05-04 00:00:00',100,1),(48458,'PAGO A CUENTA',73921,'2017-05-04 00:00:00',100,1),(48459,'PAGO A CUENTA',73978,'2017-05-04 00:00:00',100,1),(48460,'PAGO A CUENTA',74041,'2017-05-07 00:00:00',100,1),(48461,'PAGO A CUENTA',74050,'2017-05-04 00:00:00',100,1),(48462,'PAGO A CUENTA',74057,'2017-04-07 00:00:00',100,1),(48463,'PAGO A CUENTA',74048,'2017-05-07 00:00:00',100,1),(48464,'PAGO A CUENTA',74071,'2017-05-07 00:00:00',100,1),(48465,'PAGO A CUENTA',74065,'2017-05-07 00:00:00',100,1),(48466,'PAGO A CUENTA',74043,'2017-05-07 00:00:00',100,1),(48467,'PAGO A CUENTA',74038,'2017-05-07 00:00:00',100,1),(48468,'PAGO A CUENTA',74075,'2017-05-07 00:00:00',100,1),(48469,'PAGO A CUENTA',74070,'2017-05-07 00:00:00',100,1),(48470,'PAGO A CUENTA',74049,'2017-05-07 00:00:00',100,1),(48471,'PAGO A CUENTA',74060,'2017-05-07 00:00:00',100,1),(48472,'PAGO A CUENTA',74059,'2017-05-07 00:00:00',100,1),(48473,'PAGO A CUENTA',74073,'2017-05-07 00:00:00',100,1),(48474,'PAGO A CUENTA',74062,'2017-05-07 00:00:00',100,1),(48475,'PAGO A CUENTA',74037,'2017-05-07 00:00:00',100,1),(48476,'PAGO A CUENTA',74042,'2017-05-07 00:00:00',100,1),(48477,'PAGO A CUENTA',74068,'2017-05-07 00:00:00',100,1),(48478,'PAGO A CUENTA',74064,'2017-05-07 00:00:00',100,1),(48479,'PAGO A CUENTA',74058,'2017-05-07 00:00:00',100,1),(48480,'PAGO A CUENTA',74084,'2017-05-11 00:00:00',150,1),(48481,'PAGO A CUENTA',74102,'2017-05-14 00:00:00',150,1),(48482,'PAGO A CUENTA',74106,'2017-05-14 00:00:00',150,1),(48483,'PAGO A CUENTA',74092,'2017-05-14 00:00:00',150,1),(48484,'PAGO A CUENTA',74115,'2017-05-14 00:00:00',150,1),(48485,'PAGO A CUENTA',74094,'2017-05-14 00:00:00',150,1),(48486,'PAGO A CUENTA',74088,'2017-05-14 00:00:00',150,1),(48487,'PAGO A CUENTA',74095,'2017-05-14 00:00:00',150,1),(48488,'PAGO A CUENTA',74114,'2017-05-14 00:00:00',150,1),(48489,'PAGO A CUENTA',74090,'2017-05-14 00:00:00',150,1),(48490,'PAGO A CUENTA',74098,'2017-05-14 00:00:00',150,1),(48491,'PAGO A CUENTA',74101,'2017-05-14 00:00:00',150,1),(48492,'PAGO A CUENTA',74099,'2017-05-14 00:00:00',150,1),(48493,'PAGO A CUENTA',74080,'2017-05-14 00:00:00',150,1),(48494,'PAGO A CUENTA',73872,'2017-05-17 00:00:00',50,1),(48495,'PAGO A CUENTA',74110,'2017-07-14 00:00:00',150,1),(48496,'PAGO A CUENTA',74100,'2017-05-14 00:00:00',150,1),(48497,'PAGO A CUENTA',74117,'2017-05-14 00:00:00',150,1),(48498,'PAGO A CUENTA',74086,'2017-05-14 00:00:00',150,1),(48499,'PAGO A CUENTA',74113,'2017-05-14 00:00:00',150,1),(48500,'PAGO A CUENTA',73811,'2017-08-17 00:00:00',160,1),(48501,'PAGO A CUENTA',73790,'2017-08-17 00:00:00',160,1),(48502,'PAGO A CUENTA',74072,'2017-08-17 00:00:00',100,1),(48503,'PAGO A CUENTA',74053,'2017-08-17 00:00:00',100,1),(48504,'PAGO A CUENTA',73939,'2017-08-17 00:00:00',100,1),(48505,'PAGO A CUENTA',73980,'2017-08-17 00:00:00',100,1),(48506,'PAGO A CUENTA',73835,'2017-08-17 00:00:00',140,1),(48508,'PAGO A CUENTA',73822,'2017-08-17 00:00:00',160,1),(48510,'PAGO A CUENTA',74104,'2017-08-17 00:00:00',100,1),(48511,'PAGO A CUENTA',74125,'2017-07-09 00:00:00',100,1),(48512,'PAGO A CUENTA',74142,'2017-07-09 00:00:00',100,1),(48513,'PAGO A CUENTA',74127,'2017-07-09 00:00:00',100,1),(48514,'PAGO A CUENTA',73918,'2017-07-09 00:00:00',100,1),(48515,'PAGO A CUENTA',74161,'2017-07-09 00:00:00',100,1),(48516,'PAGO A CUENTA',74122,'2017-07-09 00:00:00',100,1),(48517,'PAGO A CUENTA',74140,'2017-07-09 00:00:00',100,1),(48518,'PAGO A CUENTA',74159,'2017-07-09 00:00:00',100,1),(48519,'PAGO A CUENTA',74152,'2017-07-09 00:00:00',100,1),(48520,'PAGO A CUENTA',74121,'2017-07-09 00:00:00',100,1),(48521,'PAGO A CUENTA',74156,'2017-07-09 00:00:00',100,1),(48522,'PAGO A CUENTA',74144,'2017-07-09 00:00:00',100,1),(48523,'PAGO A CUENTA',74143,'2017-07-09 00:00:00',100,1),(48524,'PAGO A CUENTA',74130,'2017-07-09 00:00:00',100,1),(48525,'PAGO A CUENTA',74132,'2017-07-09 00:00:00',100,1),(48526,'PAGO A CUENTA',74134,'2017-07-09 00:00:00',100,1),(48527,'PAGO A CUENTA',74154,'2017-07-09 00:00:00',100,1),(48528,'PAGO A CUENTA',74148,'2017-07-09 00:00:00',100,1),(48529,'PAGO A CUENTA',74153,'2017-07-09 00:00:00',100,1),(48530,'PAGO A CUENTA',74145,'2017-07-09 00:00:00',100,1),(48531,'PAGO A CUENTA',74155,'2017-07-09 00:00:00',100,1),(48534,'PAGO A CUENTA',74085,'2017-06-11 00:00:00',100,1),(48537,'PAGO A CUENTA',73824,'2017-06-15 00:00:00',160,1),(48538,'PAGO A CUENTA',73806,'2017-06-15 00:00:00',160,1),(48539,'PAGO A CUENTA',73853,'2017-08-18 00:00:00',100,1),(48543,'PAGO A CUENTA',74126,'2017-06-25 00:00:00',100,1),(48544,'PAGO A CUENTA',74184,'2017-06-25 00:00:00',100,1),(48545,'PAGO A CUENTA',74174,'2017-06-25 00:00:00',100,1),(48547,'PAGO A CUENTA',74185,'2017-06-25 00:00:00',100,1),(48548,'PAGO A CUENTA',74195,'2017-06-25 00:00:00',100,1),(48549,'PAGO A CUENTA',74182,'2017-06-25 00:00:00',100,1),(48550,'PAGO A CUENTA',74164,'2017-06-25 00:00:00',100,1),(48551,'PAGO A CUENTA',74200,'2017-06-25 00:00:00',100,1),(48552,'PAGO A CUENTA',74180,'2017-06-25 00:00:00',100,1),(48553,'PAGO A CUENTA',74167,'2017-06-25 00:00:00',100,1),(48554,'PAGO A CUENTA',74201,'2017-06-25 00:00:00',100,1),(48556,'PAGO A CUENTA',74175,'2017-06-25 00:00:00',100,1),(48557,'PAGO A CUENTA',74133,'2017-06-25 00:00:00',100,1),(48558,'PAGO A CUENTA',74091,'2017-06-25 00:00:00',150,1),(48559,'PAGO A CUENTA',74187,'2017-06-25 00:00:00',100,1),(48560,'PAGO A CUENTA',74196,'2017-06-25 00:00:00',100,1),(48561,'PAGO A CUENTA',74197,'2017-06-25 00:00:00',100,1),(48562,'PAGO A CUENTA',74183,'2017-10-25 00:00:00',100,1),(48563,'PAGO A CUENTA',74186,'2017-08-06 00:00:00',100,1),(48564,'PAGO A CUENTA',74228,'2017-08-18 00:00:00',100,1),(48565,'PAGO A CUENTA',74227,'2017-08-18 00:00:00',100,1),(48566,'PAGO A CUENTA',74226,'2017-08-18 00:00:00',100,1),(48569,'PAGO A CUENTA',74225,'2017-08-18 00:00:00',100,1),(48570,'PAGO A CUENTA',74141,'2017-08-18 00:00:00',100,1),(48571,'PAGO A CUENTA',73478,'2017-08-18 00:00:00',170,1),(48572,'PAGO A CUENTA',74218,'2017-08-21 00:00:00',100,1),(48573,'PAGO A CUENTA',74209,'2017-08-21 00:00:00',100,1),(48574,'PAGO A CUENTA',74216,'2017-08-21 00:00:00',100,1),(48575,'PAGO A CUENTA',74224,'2017-08-21 00:00:00',100,1),(48576,'PAGO A CUENTA',74229,'2017-08-21 00:00:00',100,1),(48577,'PAGO A CUENTA',74233,'2017-08-21 00:00:00',100,1),(48578,'PAGO A CUENTA',74240,'2017-08-21 00:00:00',100,1),(48579,'PAGO A CUENTA',74244,'2017-08-21 00:00:00',100,1),(48580,'PAGO A CUENTA',74239,'2017-08-21 00:00:00',100,1),(48581,'PAGO A CUENTA',74230,'2017-08-21 00:00:00',100,1),(48582,'PAGO A CUENTA',74223,'2017-08-21 00:00:00',100,1),(48583,'PAGO A CUENTA',74210,'2017-08-21 00:00:00',100,1),(48584,'PAGO A CUENTA',74214,'2017-08-21 00:00:00',100,1),(48585,'PAGO A CUENTA',74232,'2017-08-21 00:00:00',100,1),(48586,'PAGO A CUENTA',74221,'2017-08-21 00:00:00',100,1),(48587,'PAGO A CUENTA',74234,'2017-08-21 00:00:00',100,1),(48588,'PAGO A CUENTA',74235,'2017-08-21 00:00:00',100,1),(48589,'PAGO A CUENTA',74151,'2017-07-09 00:00:00',100,1),(48590,'PAGO A CUENTA',73901,'2017-05-26 00:00:00',50,1),(48591,'PAGO A CUENTA',74193,'2017-06-25 00:00:00',100,1),(48592,'PAGO A CUENTA',74206,'2017-08-21 00:00:00',100,1),(48593,'PAGO A CUENTA',73828,'2017-08-21 00:00:00',160,1),(48594,'PAGO A CUENTA',73826,'2017-08-21 00:00:00',160,1),(48595,'PAGO A CUENTA',73808,'2017-08-21 00:00:00',160,1),(48596,'PAGO A CUENTA',73796,'2017-08-21 00:00:00',160,1),(48597,'PAGO A CUENTA',73799,'2017-08-21 00:00:00',160,1),(48598,'PAGO A CUENTA',74192,'2017-08-21 00:00:00',100,1),(48599,'PAGO A CUENTA',74150,'2017-08-21 00:00:00',100,1),(48600,'PAGO A CUENTA',74336,'2017-08-22 00:00:00',100,1),(48601,'PAGO A CUENTA',74337,'2017-08-22 00:00:00',100,1),(48602,'PAGO A CUENTA',74338,'2017-08-22 00:00:00',100,1),(48603,'PAGO A CUENTA',74160,'2017-08-22 00:00:00',100,1),(48604,'PAGO A CUENTA',74202,'2017-08-22 00:00:00',70,1),(48623,'PAGO A CUENTA',73919,'2017-08-31 00:00:00',100,1),(48624,'PAGO A CUENTA',74170,'2017-08-31 00:00:00',100,1),(48625,'PAGO A CUENTA',74128,'2017-08-31 00:00:00',100,1),(48626,'PAGO A CUENTA',73469,'2017-08-31 00:00:00',170,1),(48627,'PAGO A CUENTA',74212,'2017-08-31 00:00:00',100,1),(48629,'PAGO A CUENTA',74190,'2017-08-31 00:00:00',100,1),(48633,'PAGO A CUENTA',74243,'2017-08-24 00:00:00',100,1),(48634,'PAGO A CUENTA',73499,'2017-08-24 00:00:00',100,1),(48642,'PAGO A CUENTA',74376,'2017-09-01 00:00:00',100,1),(48643,'PAGO A CUENTA',74375,'2017-09-01 00:00:00',100,1),(48646,'PAGO A CUENTA',74348,'2017-09-06 00:00:00',100,1),(48647,'PAGO A CUENTA',74360,'2017-09-06 00:00:00',100,1),(48648,'PAGO A CUENTA',74350,'2017-09-06 00:00:00',100,1),(48649,'PAGO A CUENTA',74347,'2017-09-06 00:00:00',100,1),(48650,'PAGO A CUENTA',74374,'2017-09-06 00:00:00',100,1),(48651,'PAGO A CUENTA',74356,'2017-09-06 00:00:00',100,1),(48652,'PAGO A CUENTA',74381,'2017-09-06 00:00:00',100,1),(48653,'PAGO A CUENTA',74357,'2017-09-06 00:00:00',100,1),(48654,'PAGO A CUENTA',74346,'2017-09-06 00:00:00',100,1),(48655,'PAGO A CUENTA',74368,'2017-09-06 00:00:00',100,1),(48656,'PAGO A CUENTA',74355,'2017-09-06 00:00:00',100,1),(48657,'PAGO A CUENTA',74363,'2017-09-06 00:00:00',100,1),(48658,'PAGO A CUENTA',74362,'2017-09-06 00:00:00',100,1),(48659,'PAGO A CUENTA',74377,'2017-09-06 00:00:00',100,1),(48660,'PAGO A CUENTA',74369,'2017-09-06 00:00:00',100,1),(48661,'PAGO A CUENTA',74383,'2017-09-06 00:00:00',100,1),(48662,'PAGO A CUENTA',74382,'2017-09-06 00:00:00',100,1),(48663,'PAGO A CUENTA',74378,'2017-09-06 00:00:00',100,1),(48664,'PAGO A CUENTA',74349,'2017-09-06 00:00:00',100,1),(48665,'PAGO A CUENTA',74380,'2017-09-06 00:00:00',100,1),(48666,'PAGO A CUENTA',74384,'2017-09-06 00:00:00',100,1),(48667,'PAGO A CUENTA',74400,'2017-09-10 00:00:00',200,1),(48668,'PAGO A CUENTA',74412,'2017-09-10 00:00:00',200,1),(48669,'PAGO A CUENTA',74433,'2017-09-10 00:00:00',200,1),(48670,'PAGO A CUENTA',74418,'2017-09-10 00:00:00',200,1),(48671,'PAGO A CUENTA',74423,'2017-09-10 00:00:00',200,1),(48672,'PAGO A CUENTA',74398,'2017-09-10 00:00:00',60,1),(48673,'PAGO A CUENTA',74422,'2017-09-10 00:00:00',200,1),(48674,'PAGO A CUENTA',74419,'2017-09-10 00:00:00',200,1),(48675,'PAGO A CUENTA',74413,'2017-09-10 00:00:00',200,1),(48676,'PAGO A CUENTA',74434,'2017-09-10 00:00:00',200,1),(48677,'PAGO A CUENTA',74415,'2017-09-10 00:00:00',200,1),(48678,'PAGO A CUENTA',74406,'2017-09-10 00:00:00',200,1),(48679,'PAGO A CUENTA',74427,'2017-09-10 00:00:00',200,1),(48680,'PAGO A CUENTA',74435,'2017-09-10 00:00:00',200,1),(48681,'PAGO A CUENTA',74425,'2017-09-10 00:00:00',200,1),(48682,'PAGO A CUENTA',74392,'2017-09-10 00:00:00',200,1),(48683,'PAGO A CUENTA',74428,'2017-09-10 00:00:00',200,1),(48684,'PAGO A CUENTA',74431,'2017-09-10 00:00:00',200,1),(48685,'PAGO A CUENTA',74401,'2017-09-10 00:00:00',200,1),(48686,'PAGO A CUENTA',74394,'2017-09-10 00:00:00',200,1),(48687,'PAGO A CUENTA',74391,'2017-09-10 00:00:00',200,1),(48688,'PAGO A CUENTA',74364,'2017-09-10 00:00:00',100,1),(48689,'PAGO A CUENTA',74409,'2017-09-10 00:00:00',200,1),(48690,'PAGO A CUENTA',74370,'2017-09-10 00:00:00',100,1),(48691,'PAGO A CUENTA',74402,'2017-09-10 00:00:00',200,1),(48692,'PAGO A CUENTA',74398,'2017-09-10 00:00:00',140,1),(48693,'PAGO A CUENTA',74353,'2017-09-10 00:00:00',100,1),(48694,'PAGO A CUENTA',74408,'2017-09-10 00:00:00',200,1),(48695,'PAGO A CUENTA',74429,'2017-09-10 00:00:00',200,1),(48696,'PAGO A CUENTA',74421,'2017-09-10 00:00:00',200,1),(48697,'PAGO A CUENTA',74420,'2017-09-10 00:00:00',200,1),(48698,'PAGO A CUENTA',74393,'2017-09-10 00:00:00',200,1),(48699,'PAGO A CUENTA',74395,'2017-09-17 00:00:00',200,1),(48700,'PAGO A CUENTA',74396,'2017-09-17 00:00:00',200,1),(48701,'PAGO A CUENTA',74439,'2017-09-17 00:00:00',100,1),(48702,'PAGO A CUENTA',74456,'2017-09-17 00:00:00',100,1),(48703,'PAGO A CUENTA',74448,'2017-09-17 00:00:00',100,1),(48704,'PAGO A CUENTA',74452,'2017-09-17 00:00:00',100,1),(48705,'PAGO A CUENTA',74442,'2017-09-17 00:00:00',100,1),(48706,'PAGO A CUENTA',74480,'2017-09-17 00:00:00',100,1),(48707,'PAGO A CUENTA',74481,'2017-09-17 00:00:00',100,1),(48708,'PAGO A CUENTA',74449,'2017-09-17 00:00:00',100,1),(48709,'PAGO A CUENTA',74455,'2017-09-17 00:00:00',100,1),(48710,'PAGO A CUENTA',74476,'2017-09-17 00:00:00',100,1),(48711,'PAGO A CUENTA',74474,'2017-09-17 00:00:00',100,1),(48712,'PAGO A CUENTA',74482,'2017-09-17 00:00:00',100,1),(48713,'PAGO A CUENTA',74447,'2017-09-17 00:00:00',100,1),(48714,'PAGO A CUENTA',74462,'2017-09-17 00:00:00',100,1),(48715,'PAGO A CUENTA',74479,'2017-09-17 00:00:00',100,1),(48716,'PAGO A CUENTA',74483,'2017-09-17 00:00:00',100,1),(48717,'PAGO A CUENTA',74469,'2017-09-17 00:00:00',100,1),(48718,'PAGO A CUENTA',74436,'2017-09-17 00:00:00',100,1),(48719,'PAGO A CUENTA',74454,'2017-09-17 00:00:00',100,1),(48720,'PAGO A CUENTA',74475,'2017-09-17 00:00:00',100,1),(48721,'PAGO A CUENTA',74473,'2017-09-17 00:00:00',100,1),(48722,'PAGO A CUENTA',74445,'2017-09-17 00:00:00',100,1),(48723,'PAGO A CUENTA',74466,'2017-09-17 00:00:00',100,1),(48724,'PAGO A CUENTA',74367,'2017-09-17 00:00:00',100,1),(48725,'PAGO A CUENTA',74459,'2017-09-17 00:00:00',100,1),(48726,'PAGO A CUENTA',74405,'2017-09-14 00:00:00',200,1),(48727,'PAGO A CUENTA',74458,'2017-09-21 00:00:00',100,1),(48728,'PAGO A CUENTA',74467,'2017-09-17 00:00:00',100,1),(48729,'PAGO A CUENTA',74468,'2017-09-17 00:00:00',100,1),(48730,'PAGO A CUENTA',74440,'2017-09-24 00:00:00',100,1),(48731,'PAGO A CUENTA',74438,'2017-09-17 00:00:00',100,1),(48732,'PAGO A CUENTA',74488,'2017-09-24 00:00:00',170,1),(48733,'PAGO A CUENTA',74497,'2017-09-24 00:00:00',170,1),(48734,'PAGO A CUENTA',74490,'2017-09-24 00:00:00',170,1),(48735,'PAGO A CUENTA',74521,'2017-09-24 00:00:00',170,1),(48736,'PAGO A CUENTA',74489,'2017-09-24 00:00:00',170,1),(48737,'PAGO A CUENTA',74506,'2017-09-24 00:00:00',170,1),(48738,'PAGO A CUENTA',74508,'2017-09-24 00:00:00',170,1),(48739,'PAGO A CUENTA',74524,'2017-09-24 00:00:00',170,1),(48740,'PAGO A CUENTA',74520,'2017-09-24 00:00:00',170,1),(48741,'PAGO A CUENTA',74472,'2017-09-24 00:00:00',30,1),(48742,'PAGO A CUENTA',74507,'2017-09-24 00:00:00',170,1),(48743,'PAGO A CUENTA',74500,'2017-09-24 00:00:00',170,1),(48744,'PAGO A CUENTA',74137,'2017-09-24 00:00:00',30,1),(48745,'PAGO A CUENTA',74528,'2017-09-24 00:00:00',170,1),(48746,'PAGO A CUENTA',74493,'2017-09-24 00:00:00',170,1),(48747,'PAGO A CUENTA',74487,'2017-09-24 00:00:00',170,1),(48748,'PAGO A CUENTA',74498,'2017-09-24 00:00:00',170,1),(48749,'PAGO A CUENTA',74517,'2017-09-24 00:00:00',170,1),(48750,'PAGO A CUENTA',74491,'2017-09-24 00:00:00',170,1),(48751,'PAGO A CUENTA',74513,'2017-09-24 00:00:00',170,1),(48752,'PAGO A CUENTA',74514,'2017-09-24 00:00:00',170,1),(48753,'PAGO A CUENTA',74504,'2017-09-24 00:00:00',170,1),(48754,'PAGO A CUENTA',74485,'2017-09-24 00:00:00',170,1),(48755,'PAGO A CUENTA',74522,'2017-09-24 00:00:00',170,1),(48756,'PAGO A CUENTA',74529,'2017-09-24 00:00:00',170,1),(48757,'PAGO A CUENTA',74530,'2017-09-24 00:00:00',170,1),(48758,'PAGO A CUENTA',74515,'2017-09-24 00:00:00',170,1),(48759,'PAGO A CUENTA',74516,'2017-09-24 00:00:00',170,1),(48760,'PAGO A CUENTA',74486,'2017-09-24 00:00:00',170,1),(48761,'PAGO A CUENTA',74519,'2017-09-24 00:00:00',170,1),(48762,'PAGO A CUENTA',74496,'2017-09-24 00:00:00',170,1),(48763,'PAGO A CUENTA',74560,'2017-10-01 00:00:00',100,1),(48764,'PAGO A CUENTA',74574,'2017-10-01 00:00:00',100,1),(48765,'PAGO A CUENTA',74561,'2017-10-01 00:00:00',100,1),(48766,'PAGO A CUENTA',74576,'2017-10-01 00:00:00',100,1),(48767,'PAGO A CUENTA',74551,'2017-10-01 00:00:00',100,1),(48768,'PAGO A CUENTA',74547,'2017-10-01 00:00:00',100,1),(48769,'PAGO A CUENTA',74556,'2017-10-01 00:00:00',100,1),(48770,'PAGO A CUENTA',74509,'2017-10-01 00:00:00',170,1),(48771,'PAGO A CUENTA',74461,'2017-10-01 00:00:00',100,1),(48772,'PAGO A CUENTA',74537,'2017-10-01 00:00:00',100,1),(48773,'PAGO A CUENTA',74577,'2017-10-01 00:00:00',100,1),(48774,'PAGO A CUENTA',74536,'2017-10-01 00:00:00',100,1),(48775,'PAGO A CUENTA',74533,'2017-10-01 00:00:00',100,1),(48776,'PAGO A CUENTA',74534,'2017-10-01 00:00:00',100,1),(48777,'PAGO A CUENTA',74555,'2017-10-01 00:00:00',100,1),(48778,'PAGO A CUENTA',74460,'2017-10-01 00:00:00',100,1),(48779,'PAGO A CUENTA',74571,'2017-10-01 00:00:00',100,1),(48780,'PAGO A CUENTA',74544,'2017-10-01 00:00:00',100,1),(48781,'PAGO A CUENTA',74503,'2017-10-01 00:00:00',170,1),(48782,'PAGO A CUENTA',74550,'2017-10-01 00:00:00',100,1),(48783,'PAGO A CUENTA',74554,'2017-10-01 00:00:00',100,1),(48784,'PAGO A CUENTA',74572,'2017-10-01 00:00:00',100,1),(48785,'PAGO A CUENTA',74525,'2017-10-01 00:00:00',170,1),(48786,'PAGO A CUENTA',74202,'2017-10-01 00:00:00',30,1),(48787,'PAGO A CUENTA',74578,'2017-10-01 00:00:00',100,1),(48788,'PAGO A CUENTA',74535,'2017-10-01 00:00:00',100,1),(48789,'PAGO A CUENTA',74557,'2017-10-01 00:00:00',100,1),(48790,'PAGO A CUENTA',74510,'2017-10-01 00:00:00',170,1),(48791,'PAGO A CUENTA',74569,'2017-10-01 00:00:00',100,1),(48792,'PAGO A CUENTA',74579,'2017-10-01 00:00:00',100,1),(48793,'PAGO A CUENTA',74531,'2017-10-01 00:00:00',100,1),(48794,'PAGO A CUENTA',74484,'2017-10-01 00:00:00',170,1),(48795,'PAGO A CUENTA',74532,'2017-10-01 00:00:00',100,1),(48796,'PAGO A CUENTA',74565,'2017-10-01 00:00:00',100,1),(48797,'PAGO A CUENTA',74564,'2017-10-01 00:00:00',100,1),(48798,'PAGO A CUENTA',74542,'2017-10-01 00:00:00',100,1),(48799,'PAGO A CUENTA',74538,'2017-10-01 00:00:00',100,1),(48800,'PAGO A CUENTA',74563,'2017-10-01 00:00:00',100,1),(48801,'PAGO A CUENTA',74562,'2017-10-01 00:00:00',100,1),(48802,'PAGO A CUENTA',74543,'2017-10-01 00:00:00',100,1),(48803,'PAGO A CUENTA',74573,'2017-10-01 00:00:00',100,1),(48821,'PAGO A CUENTA',74424,'2017-10-03 00:00:00',200,1),(48822,'PAGO A CUENTA',74379,'2017-10-03 00:00:00',100,1),(48845,'PAGO A CUENTA',74618,'2017-10-04 00:00:00',180,1),(48846,'PAGO A CUENTA',74599,'2017-10-04 00:00:00',100,1),(48848,'PAGO A CUENTA',74540,'2017-10-05 00:00:00',100,1),(48849,'PAGO A CUENTA',74596,'2017-10-05 00:00:00',180,1),(48853,'PAGO A CUENTA',74610,'2017-10-08 00:00:00',180,1),(48854,'PAGO A CUENTA',73853,'2017-10-08 00:00:00',20,1),(48855,'PAGO A CUENTA',74593,'2017-10-08 00:00:00',180,1),(48856,'PAGO A CUENTA',74589,'2017-10-08 00:00:00',180,1),(48857,'PAGO A CUENTA',74588,'2017-10-08 00:00:00',180,1),(48858,'PAGO A CUENTA',74495,'2017-10-08 00:00:00',170,1),(48859,'PAGO A CUENTA',74598,'2017-10-08 00:00:00',180,1),(48860,'PAGO A CUENTA',74620,'2017-10-08 00:00:00',180,1),(48861,'PAGO A CUENTA',74518,'2017-10-08 00:00:00',20,1),(48862,'PAGO A CUENTA',74629,'2017-10-08 00:00:00',180,1),(48863,'PAGO A CUENTA',74619,'2017-10-08 00:00:00',180,1),(48864,'PAGO A CUENTA',74527,'2017-10-08 00:00:00',20,1),(48865,'PAGO A CUENTA',74606,'2017-10-08 00:00:00',180,1),(48867,'PAGO A CUENTA',74601,'2017-10-08 00:00:00',180,1),(48868,'PAGO A CUENTA',74599,'2017-10-08 00:00:00',80,1),(48869,'PAGO A CUENTA',74616,'2017-10-08 00:00:00',180,1),(48870,'PAGO A CUENTA',74603,'2017-10-08 00:00:00',180,1),(48871,'PAGO A CUENTA',74137,'2017-10-08 00:00:00',70,1),(48872,'PAGO A CUENTA',74617,'2017-10-08 00:00:00',180,1),(48873,'PAGO A CUENTA',74625,'2017-10-08 00:00:00',180,1),(48874,'PAGO A CUENTA',74597,'2017-10-08 00:00:00',180,1),(48875,'PAGO A CUENTA',74615,'2017-10-08 00:00:00',180,1),(48876,'PAGO A CUENTA',74592,'2017-10-08 00:00:00',180,1),(48877,'PAGO A CUENTA',74611,'2017-10-08 00:00:00',180,1),(48878,'PAGO A CUENTA',74590,'2017-10-08 00:00:00',180,1),(48879,'PAGO A CUENTA',74604,'2017-10-08 00:00:00',180,1),(48880,'PAGO A CUENTA',74609,'2017-10-08 00:00:00',180,1),(48881,'PAGO A CUENTA',74612,'2017-10-08 00:00:00',180,1),(48882,'PAGO A CUENTA',74624,'2017-10-08 00:00:00',180,1),(48883,'PAGO A CUENTA',74591,'2017-10-08 00:00:00',180,1),(48884,'PAGO A CUENTA',74605,'2017-10-08 00:00:00',180,1),(48885,'PAGO A CUENTA',74600,'2017-10-08 00:00:00',180,1),(48886,'PAGO A CUENTA',74627,'2017-10-10 00:00:00',180,1),(48887,'PAGO A CUENTA',74430,'2017-10-10 00:00:00',20,1),(48888,'PAGO A CUENTA',74622,'2017-10-30 00:00:00',180,1),(48889,'PAGO A CUENTA',74472,'2017-10-31 00:00:00',20,1),(48890,'PAGO A CUENTA',74587,'2017-10-30 00:00:00',180,1),(48892,'PAGO A CUENTA',74626,'2017-10-30 00:00:00',180,1),(48904,'PAGO A CUENTA',74642,'2017-11-06 00:00:00',100,1),(48905,'PAGO A CUENTA',74634,'2017-11-06 00:00:00',100,1),(48906,'PAGO A CUENTA',74657,'2017-11-06 00:00:00',100,1),(48907,'PAGO A CUENTA',74666,'2017-11-06 00:00:00',100,1),(48908,'PAGO A CUENTA',74661,'2017-11-06 00:00:00',100,1),(48909,'PAGO A CUENTA',74635,'2017-11-06 00:00:00',100,1),(48910,'PAGO A CUENTA',74672,'2017-11-06 00:00:00',100,1),(48911,'PAGO A CUENTA',74430,'2017-11-06 00:00:00',180,1),(48912,'PAGO A CUENTA',74650,'2017-11-06 00:00:00',100,1),(48913,'PAGO A CUENTA',74655,'2017-11-06 00:00:00',100,1),(48914,'PAGO A CUENTA',73853,'2017-11-06 00:00:00',20,1),(48915,'PAGO A CUENTA',74645,'2017-11-06 00:00:00',100,1),(48916,'PAGO A CUENTA',74654,'2017-11-06 00:00:00',100,1),(48917,'PAGO A CUENTA',74636,'2017-11-06 00:00:00',100,1),(48918,'PAGO A CUENTA',74653,'2017-11-06 00:00:00',100,1),(48919,'PAGO A CUENTA',74665,'2017-11-06 00:00:00',100,1),(48920,'PAGO A CUENTA',74668,'2017-11-06 00:00:00',100,1),(48921,'PAGO A CUENTA',74623,'2017-11-06 00:00:00',180,1),(48922,'PAGO A CUENTA',74426,'2017-11-06 00:00:00',200,1),(48923,'PAGO A CUENTA',74656,'2017-11-06 00:00:00',100,1),(48924,'PAGO A CUENTA',74638,'2017-11-06 00:00:00',100,1),(48925,'PAGO A CUENTA',74674,'2017-11-06 00:00:00',100,1),(48926,'PAGO A CUENTA',74669,'2017-11-06 00:00:00',100,1),(48927,'PAGO A CUENTA',74637,'2017-11-06 00:00:00',100,1),(48928,'PAGO A CUENTA',74670,'2017-11-06 00:00:00',100,1),(48929,'PAGO A CUENTA',74664,'2017-11-06 00:00:00',100,1),(48930,'PAGO A CUENTA',74633,'2017-11-06 00:00:00',100,1),(48931,'PAGO A CUENTA',74667,'2017-11-06 00:00:00',100,1),(48932,'PAGO A CUENTA',74648,'2017-11-06 00:00:00',100,1),(48933,'PAGO A CUENTA',74644,'2017-11-06 00:00:00',100,1),(48934,'PAGO A CUENTA',74649,'2017-11-06 00:00:00',100,1),(48935,'PAGO A CUENTA',74671,'2017-11-06 00:00:00',100,1),(48936,'PAGO A CUENTA',74663,'2017-11-06 00:00:00',100,1),(48937,'PAGO A CUENTA',74662,'2017-11-06 00:00:00',100,1),(48938,'PAGO A CUENTA',74660,'2017-11-06 00:00:00',100,1),(48959,'PAGO A CUENTA',74371,'2018-02-07 22:11:33',100,1),(48965,'AJUSTE',74085,'2017-11-05 00:00:00',50,1),(48966,'AJUSTE',74518,'2017-11-05 00:00:00',150,1),(48967,'AJUSTE',74470,'2017-11-05 00:00:00',100,1),(48968,'AJUSTE',74204,'2017-11-05 00:00:00',100,1),(48969,'AJUSTE',74162,'2017-11-05 00:00:00',100,1),(48970,'AJUSTE',74527,'2017-11-05 00:00:00',150,1),(48971,'AJUSTE',74246,'2017-11-05 00:00:00',100,1),(48972,'AJUSTE',74387,'2017-11-05 00:00:00',100,1),(48973,'AJUSTE',74621,'2017-11-05 00:00:00',180,1),(48974,'AJUSTE',74358,'2017-11-05 00:00:00',100,1),(48975,'AJUSTE',74450,'2017-11-05 00:00:00',100,1),(48976,'AJUSTE',74472,'2017-11-05 00:00:00',50,1),(48977,'AJUSTE',74567,'2017-11-05 00:00:00',100,1),(48978,'AJUSTE',74351,'2017-11-05 00:00:00',100,1),(48979,'AJUSTE',74443,'2017-11-05 00:00:00',100,1),(48980,'AJUSTE',74594,'2017-11-05 00:00:00',180,1),(48981,'AJUSTE',74639,'2017-11-05 00:00:00',100,1),(48982,'AJUSTE',74523,'2017-11-05 00:00:00',170,1),(48983,'AJUSTE',74366,'2017-11-05 00:00:00',100,1),(48984,'AJUSTE',74104,'2017-11-05 00:00:00',50,1),(48985,'AJUSTE',73499,'2017-11-05 00:00:00',70,1),(48986,'AJUSTE',74386,'2017-11-05 21:25:32',100,1),(48987,'AJUSTE',74478,'2017-11-05 21:26:26',100,1),(48988,'AJUSTE',74526,'2017-11-05 21:26:52',170,1),(48989,'AJUSTE',74628,'2017-11-05 21:27:21',180,1),(48990,'AJUSTE',74673,'2017-11-05 21:27:49',100,1),(48991,'AJUSTE',74549,'2017-11-05 21:28:52',100,1),(48992,'AJUSTE',74407,'2017-11-05 21:29:28',200,1),(48993,'AJUSTE',74502,'2017-11-05 21:29:56',170,1),(48994,'AJUSTE',74632,'2017-11-05 22:40:57',100,1);

/*Table structure for table `password_resets` */

DROP TABLE IF EXISTS `password_resets`;

CREATE TABLE `password_resets` (
  `email` varchar(80) COLLATE utf8mb4_unicode_ci NOT NULL,
  `token` varchar(255) COLLATE utf8mb4_unicode_ci NOT NULL,
  `created_at` timestamp NULL DEFAULT NULL,
  KEY `password_resets_email_index` (`email`)
) ENGINE=InnoDB DEFAULT CHARSET=utf8mb4 COLLATE=utf8mb4_unicode_ci;

/*Data for the table `password_resets` */

/*Table structure for table `turnos` */

DROP TABLE IF EXISTS `turnos`;

CREATE TABLE `turnos` (
  `CODIGO` int(11) NOT NULL DEFAULT '0',
  `NOMBRE` varchar(10) DEFAULT NULL,
  PRIMARY KEY (`CODIGO`)
) ENGINE=InnoDB DEFAULT CHARSET=latin1;

/*Data for the table `turnos` */

insert  into `turnos`(`CODIGO`,`NOMBRE`) values (3,'UNICO');

/*Table structure for table `users` */

DROP TABLE IF EXISTS `users`;

CREATE TABLE `users` (
  `id` int(10) unsigned NOT NULL AUTO_INCREMENT,
  `name` varchar(255) COLLATE utf8mb4_unicode_ci NOT NULL,
  `email` varchar(80) COLLATE utf8mb4_unicode_ci NOT NULL,
  `password` varchar(255) COLLATE utf8mb4_unicode_ci NOT NULL,
  `remember_token` varchar(100) COLLATE utf8mb4_unicode_ci DEFAULT NULL,
  `created_at` timestamp NULL DEFAULT NULL,
  `updated_at` timestamp NULL DEFAULT NULL,
  `CATEGORIA` int(11) NOT NULL,
  PRIMARY KEY (`id`),
  UNIQUE KEY `users_email_unique` (`email`)
) ENGINE=InnoDB AUTO_INCREMENT=2 DEFAULT CHARSET=utf8mb4 COLLATE=utf8mb4_unicode_ci;

/*Data for the table `users` */

insert  into `users`(`id`,`name`,`email`,`password`,`remember_token`,`created_at`,`updated_at`,`CATEGORIA`) values (1,'Pablo Parola','p.parola@gmail.com','$2y$10$AozZVCPIR6euPU9ieteWCODJ6iEdESIw94C89juzB4.ywZ7UkAfxW','vVOGb59o2evsnvzmmmLD8nDvEicKrx7Xh8ndQsUshYtonyM97yLtrMgeol5G','2018-02-01 16:02:14','2018-02-01 16:02:14',1);

/*!40101 SET SQL_MODE=@OLD_SQL_MODE */;
/*!40014 SET FOREIGN_KEY_CHECKS=@OLD_FOREIGN_KEY_CHECKS */;
/*!40014 SET UNIQUE_CHECKS=@OLD_UNIQUE_CHECKS */;
/*!40111 SET SQL_NOTES=@OLD_SQL_NOTES */;
